{"model": {"average_phi": 0.9202600000000001, "average_f_measure_standard_deviation": 0.013335000000000041, "average_recall_standard_deviation": 0.013334999999999986, "average_recall": 0.946665, "average_precision_standard_deviation": 0.013355000000000006, "per_class_statistics": [{"recall_standard_deviation": 0.0, "accuracy_standard_deviation": 0.0, "phi_coefficient_standard_deviation": 0.0, "average_phi_coefficient": 1.0, "f_measure_standard_deviation": 0.0, "class_name": "Iris-setosa", "precision_standard_deviation": 0.0, "average_f_measure": 1.0, "average_accuracy": 1.0, "occurrences": 2, "average_recall": 1.0, "present_in_test_data": true, "average_precision": 1.0}, {"recall_standard_deviation": 0.019999999999999962, "accuracy_standard_deviation": 0.013333333333333308, "phi_coefficient_standard_deviation": 0.029716081940637296, "average_phi_coefficient": 0.8815770975722392, "f_measure_standard_deviation": 0.019607843137254832, "class_name": "Iris-versicolor", "precision_standard_deviation": 0.019230769230769273, "average_f_measure": 0.9215686274509804, "average_accuracy": 0.9466666666666667, "occurrences": 2, "average_recall": 0.94, "present_in_test_data": true, "average_precision": 0.9038461538461539}, {"recall_standard_deviation": 0.020000000000000018, "accuracy_standard_deviation": 0.013333333333333308, "phi_coefficient_standard_deviation": 0.030316953129541635, "average_phi_coefficient": 0.8791916407567071, "f_measure_standard_deviation": 0.020408163265306145, "class_name": "Iris-virginica", "precision_standard_deviation": 0.02083333333333337, "average_f_measure": 0.9183673469387755, "average_accuracy": 0.9466666666666667, "occurrences": 2, "average_recall": 0.9, "present_in_test_data": true, "average_precision": 0.9375}], "average_f_measure": 0.946645, "average_accuracy": 0.946665, "accuracy_standard_deviation": 0.013334999999999986, "average_phi_standard_deviation": 0.020010000000000028, "confusion_matrix": [[50, 0, 0], [0, 47, 3], [0, 5, 45]], "average_precision": 0.947115}, "random": {"average_phi": -0.13006, "average_f_measure_standard_deviation": 0.02250500000000001, "average_recall_standard_deviation": 0.020000000000000004, "average_recall": 0.24667, "average_precision_standard_deviation": 0.023315000000000002, "per_class_statistics": [{"recall_standard_deviation": 0.1, "accuracy_standard_deviation": 0.046666666666666634, "phi_coefficient_standard_deviation": 0.12748365424695488, "average_phi_coefficient": -0.10703713374421661, "f_measure_standard_deviation": 0.1, "class_name": "Iris-setosa", "precision_standard_deviation": 0.09891304347826087, "average_f_measure": 0.2333333333333333, "average_accuracy": 0.5266666666666666, "occurrences": 2, "average_recall": 0.22, "present_in_test_data": true, "average_precision": 0.24891304347826088}, {"recall_standard_deviation": 0.0, "accuracy_standard_deviation": 0.04666666666666666, "phi_coefficient_standard_deviation": 0.06484276710366571, "average_phi_coefficient": -0.14484276710366573, "f_measure_standard_deviation": 0.017192982456140357, "class_name": "Iris-versicolor", "precision_standard_deviation": 0.030625000000000013, "average_f_measure": 0.26280701754385966, "average_accuracy": 0.4733333333333334, "occurrences": 2, "average_recall": 0.28, "present_in_test_data": true, "average_precision": 0.249375}, {"recall_standard_deviation": 0.04000000000000001, "accuracy_standard_deviation": 0.05333333333333337, "phi_coefficient_standard_deviation": 0.09740460969501966, "average_phi_coefficient": -0.13829765070049618, "f_measure_standard_deviation": 0.0496794871794872, "class_name": "Iris-virginica", "precision_standard_deviation": 0.05958132045088568, "average_f_measure": 0.2419871794871795, "average_accuracy": 0.4933333333333334, "occurrences": 2, "average_recall": 0.24000000000000002, "present_in_test_data": true, "average_precision": 0.24476650563607086}], "average_f_measure": 0.246045, "average_accuracy": 0.24667, "accuracy_standard_deviation": 0.020000000000000004, "average_phi_standard_deviation": 0.03164000000000001, "confusion_matrix": [[11, 22, 17], [15, 14, 21], [17, 21, 12]], "average_precision": 0.24768500000000002}, "mode": {"average_phi": 0.0, "average_f_measure_standard_deviation": 0.0, "average_recall_standard_deviation": 0.0, "average_recall": 0.33333, "average_precision_standard_deviation": 0.0, "per_class_statistics": [{"recall_standard_deviation": 0.0, "accuracy_standard_deviation": 0.0, "phi_coefficient_standard_deviation": 0.0, "average_phi_coefficient": 0.0, "f_measure_standard_deviation": 0.0, "class_name": "Iris-setosa", "precision_standard_deviation": 0.0, "average_f_measure": 0.5, "average_accuracy": 0.3333333333333333, "occurrences": 2, "average_recall": 1.0, "present_in_test_data": true, "average_precision": 0.3333333333333333}, {"recall_standard_deviation": 0.0, "accuracy_standard_deviation": 0.0, "phi_coefficient_standard_deviation": 0.0, "average_phi_coefficient": 0.0, "f_measure_standard_deviation": 0.0, "class_name": "Iris-versicolor", "precision_standard_deviation": 0.0, "average_f_measure": 0.0, "average_accuracy": 0.6666666666666667, "occurrences": 2, "average_recall": 0.0, "present_in_test_data": true, "average_precision": 0.0}, {"recall_standard_deviation": 0.0, "accuracy_standard_deviation": 0.0, "phi_coefficient_standard_deviation": 0.0, "average_phi_coefficient": 0.0, "f_measure_standard_deviation": 0.0, "class_name": "Iris-virginica", "precision_standard_deviation": 0.0, "average_f_measure": 0.0, "average_accuracy": 0.6666666666666667, "occurrences": 2, "average_recall": 0.0, "present_in_test_data": true, "average_precision": 0.0}], "average_f_measure": 0.16667, "average_accuracy": 0.33333, "accuracy_standard_deviation": 0.0, "average_phi_standard_deviation": 0.0, "confusion_matrix": [[50, 0, 0], [50, 0, 0], [50, 0, 0]], "average_precision": 0.11111}, "class_names": ["Iris-virginica", "Iris-setosa", "Iris-versicolor"]}