{"model": {"average_phi": 0.22836, "average_f_measure_standard_deviation": 0.1503751435984182, "average_recall_standard_deviation": 0.16950167293136256, "average_recall": 0.6119785714285715, "average_precision_standard_deviation": 0.1731608368670289, "per_class_statistics": [{"recall_standard_deviation": 0.1449281585854431, "accuracy_standard_deviation": 0.1570706904997204, "phi_coefficient_standard_deviation": 0.32834574351376655, "average_phi_coefficient": 0.22836106605628947, "f_measure_standard_deviation": 0.12423890528012337, "class_name": "0", "precision_standard_deviation": 0.15274374114577363, "average_f_measure": 0.7859252871732696, "average_accuracy": 0.7095238095238094, "occurrences": 7, "average_recall": 0.7967931106217225, "present_in_test_data": true, "average_precision": 0.7895016860534102}, {"recall_standard_deviation": 0.33511243748649194, "accuracy_standard_deviation": 0.1570706904997204, "phi_coefficient_standard_deviation": 0.32834574351376655, "average_phi_coefficient": 0.22836106605628947, "f_measure_standard_deviation": 0.2598287456690215, "class_name": "1", "precision_standard_deviation": 0.3120296451004893, "average_f_measure": 0.40633581884317416, "average_accuracy": 0.7095238095238094, "occurrences": 7, "average_recall": 0.42716450216450214, "present_in_test_data": true, "average_precision": 0.4549319727891156}], "average_f_measure": 0.5961314285714285, "average_accuracy": 0.7095228571428571, "accuracy_standard_deviation": 0.15706892924666507, "average_phi_standard_deviation": 0.3283443554736834, "confusion_matrix": [[121, 29], [32, 28]], "average_precision": 0.6222157142857143}, "random": {"average_phi": -0.010099999999999998, "average_f_measure_standard_deviation": 0.09370161271018654, "average_recall_standard_deviation": 0.12466053698597905, "average_recall": 0.5117642857142857, "average_precision_standard_deviation": 0.07862154336842195, "per_class_statistics": [{"recall_standard_deviation": 0.0748810272800864, "accuracy_standard_deviation": 0.0791107034563626, "phi_coefficient_standard_deviation": 0.18022126976726127, "average_phi_coefficient": -0.010099052130763708, "f_measure_standard_deviation": 0.06200391696848591, "class_name": "0", "precision_standard_deviation": 0.13577953736274073, "average_f_measure": 0.5864087838877755, "average_accuracy": 0.4904761904761905, "occurrences": 7, "average_recall": 0.5135982532770981, "present_in_test_data": true, "average_precision": 0.7053571428571429}, {"recall_standard_deviation": 0.2322478813989421, "accuracy_standard_deviation": 0.0791107034563626, "phi_coefficient_standard_deviation": 0.18022126976726127, "average_phi_coefficient": -0.010099052130763708, "f_measure_standard_deviation": 0.1473337752970028, "class_name": "1", "precision_standard_deviation": 0.14859127821534635, "average_f_measure": 0.32221729271418714, "average_accuracy": 0.4904761904761905, "occurrences": 7, "average_recall": 0.509925788497217, "present_in_test_data": true, "average_precision": 0.2760904361744698}], "average_f_measure": 0.45431428571428567, "average_accuracy": 0.49047714285714283, "accuracy_standard_deviation": 0.0791100155686074, "average_phi_standard_deviation": 0.1802212342808535, "confusion_matrix": [[76, 74], [33, 27]], "average_precision": 0.49072428571428583}, "mode": {"average_phi": 0.0, "average_f_measure_standard_deviation": 0.03700512391437661, "average_recall_standard_deviation": 1.1102230246251565e-16, "average_recall": 0.4999999999999999, "average_precision_standard_deviation": 0.058319551417607966, "per_class_statistics": [{"recall_standard_deviation": 2.220446049250313e-16, "accuracy_standard_deviation": 0.11664236870396087, "phi_coefficient_standard_deviation": 0.0, "average_phi_coefficient": 0.0, "f_measure_standard_deviation": 0.07400964474678186, "class_name": "0", "precision_standard_deviation": 0.11664236870396087, "average_f_measure": 0.8283070900109464, "average_accuracy": 0.7142857142857143, "occurrences": 7, "average_recall": 0.9999999999999998, "present_in_test_data": true, "average_precision": 0.7142857142857143}, {"recall_standard_deviation": 0.0, "accuracy_standard_deviation": 0.11664236870396087, "phi_coefficient_standard_deviation": 0.0, "average_phi_coefficient": 0.0, "f_measure_standard_deviation": 0.0, "class_name": "1", "precision_standard_deviation": 0.0, "average_f_measure": 0.0, "average_accuracy": 0.7142857142857143, "occurrences": 7, "average_recall": 0.0, "present_in_test_data": true, "average_precision": 0.0}], "average_f_measure": 0.4141557142857143, "average_accuracy": 0.7142857142857144, "accuracy_standard_deviation": 0.11664400172651619, "average_phi_standard_deviation": 0.0, "confusion_matrix": [[150, 0], [60, 0]], "average_precision": 0.3571428571428571}, "class_names": ["1", "0"]}