{"model": {"average_ks_statistic_standard_deviation": 1.1102230246251565e-16, "accuracy_standard_deviation": 0.037499999999999985, "average_spearmans_rho": 0.873044, "average_accuracy": 0.9874999999999998, "average_area_under_roc_curve": 0.9999999999999999, "average_phi_standard_deviation": 0.03819600000000001, "confusion_matrix": [[34, 0, 0], [0, 17, 0], [0, 1, 28]], "average_kendalls_tau_b_standard_deviation": 0.06796922804475565, "average_balanced_accuracy": 0.9916669999999999, "average_max_phi_standard_deviation": 1.1102230246251565e-16, "average_area_under_roc_curve_standard_deviation": 1.1102230246251565e-16, "average_ks_statistic": 0.9999999999999999, "average_area_under_pr_curve": 0.9999999999999999, "average_spearmans_rho_standard_deviation": 0.05840452383163482, "average_balanced_accuracy_standard_deviation": 0.02499900000000001, "average_f_measure_standard_deviation": 0.030000000000000002, "average_phi": 0.9872679999999998, "average_f_measure": 0.9899999999999999, "average_precision_standard_deviation": 1.1102230246251565e-16, "average_precision": 0.9999999999999999, "per_class_statistics": [{"accuracy_standard_deviation": 1.1102230246251565e-16, "average_spearmans_rho": 0.893704, "class_name": "Iris-setosa", "area_under_roc_curve_standard_deviation": 1.1102230246251565e-16, "average_accuracy": 0.9999999999999999, "average_area_under_roc_curve": 0.9999999999999999, "occurrences": 10, "average_phi_coefficient": 0.9999999999999999, "average_balanced_accuracy": 0.9999999999999999, "precision_standard_deviation": 1.1102230246251565e-16, "area_under_pr_curve_standard_deviation": 1.1102230246251565e-16, "average_area_under_pr_curve": 0.9999999999999999, "present_in_test_data": true, "average_f_measure": 0.9999999999999999, "balanced_accuracy_standard_deviation": 1.1102230246251565e-16, "spearmans_rho_standard_deviation": 0.102490377714203, "average_precision": 0.9999999999999999, "phi_coefficient_standard_deviation": 1.1102230246251565e-16, "average_kendalls_tau_b": 0.858004, "f_measure_standard_deviation": 1.1102230246251565e-16, "recall_standard_deviation": 1.1102230246251565e-16, "kendalls_tau_b_standard_deviation": 0.10820387601190634, "average_recall": 0.9999999999999999}, {"accuracy_standard_deviation": 0.0, "average_spearmans_rho": 0.80473625, "class_name": "Iris-versicolor", "area_under_roc_curve_standard_deviation": 0.0, "average_accuracy": 1.0, "average_area_under_roc_curve": 1.0, "occurrences": 8, "average_phi_coefficient": 1.0, "average_balanced_accuracy": 1.0, "precision_standard_deviation": 0.0, "area_under_pr_curve_standard_deviation": 0.0, "average_area_under_pr_curve": 1.0, "present_in_test_data": true, "average_f_measure": 1.0, "balanced_accuracy_standard_deviation": 0.0, "spearmans_rho_standard_deviation": 0.1133202096866993, "average_precision": 1.0, "phi_coefficient_standard_deviation": 0.0, "average_kendalls_tau_b": 0.7666137500000001, "f_measure_standard_deviation": 0.0, "average_recall": 1.0, "recall_standard_deviation": 0.0, "kendalls_tau_b_standard_deviation": 0.10498645102315586}, {"accuracy_standard_deviation": 0.037499999999999985, "average_spearmans_rho": 0.884054, "class_name": "Iris-virginica", "area_under_roc_curve_standard_deviation": 1.1102230246251565e-16, "average_accuracy": 0.9874999999999998, "average_area_under_roc_curve": 0.9999999999999999, "occurrences": 10, "average_phi_coefficient": 0.9745359999999998, "average_balanced_accuracy": 0.9833329999999999, "precision_standard_deviation": 1.1102230246251565e-16, "area_under_pr_curve_standard_deviation": 1.1102230246251565e-16, "average_area_under_pr_curve": 0.9999999999999999, "present_in_test_data": true, "average_f_measure": 0.9799999999999999, "balanced_accuracy_standard_deviation": 0.050001, "spearmans_rho_standard_deviation": 0.11187251254888306, "average_precision": 0.9999999999999999, "phi_coefficient_standard_deviation": 0.076392, "average_kendalls_tau_b": 0.84821, "f_measure_standard_deviation": 0.059999999999999984, "recall_standard_deviation": 0.09999899999999999, "kendalls_tau_b_standard_deviation": 0.11298545446206781, "average_recall": 0.9666669999999998}], "average_kendalls_tau_b": 0.8378129999999999, "average_recall": 0.9833329999999999, "average_area_under_pr_curve_standard_deviation": 1.1102230246251565e-16, "average_recall_standard_deviation": 0.050001, "average_max_phi": 0.9999999999999999}, "random": {"average_ks_statistic_standard_deviation": 0.0, "accuracy_standard_deviation": 0.17721808598447283, "average_spearmans_rho": 0.0, "average_accuracy": 0.3375, "average_area_under_roc_curve": 0.0, "average_phi_standard_deviation": 0.26102489798676287, "confusion_matrix": [[9, 16, 9], [3, 6, 8], [7, 10, 12]], "average_kendalls_tau_b_standard_deviation": 0.0, "average_balanced_accuracy": 0.5167860000000001, "average_max_phi_standard_deviation": 0.0, "average_area_under_roc_curve_standard_deviation": 0.0, "average_ks_statistic": 0.0, "average_area_under_pr_curve": 0.0, "average_spearmans_rho_standard_deviation": 0.0, "average_balanced_accuracy_standard_deviation": 0.14079038377673384, "average_f_measure_standard_deviation": 0.15353067635166595, "average_phi": 0.024760999999999995, "average_f_measure": 0.30611299999999997, "average_precision_standard_deviation": 0.17752474217415443, "average_precision": 0.349166, "per_class_statistics": [{"accuracy_standard_deviation": 0.1152443057161611, "class_name": "Iris-setosa", "average_accuracy": 0.5625, "occurrences": 10, "average_phi_coefficient": 0.08660400000000001, "average_balanced_accuracy": 0.562737, "precision_standard_deviation": 0.3823359488460377, "phi_coefficient_standard_deviation": 0.29865949039667233, "average_f_measure": 0.281905, "average_precision": 0.375, "present_in_test_data": true, "balanced_accuracy_standard_deviation": 0.14600392049873182, "f_measure_standard_deviation": 0.25609054876156595, "recall_standard_deviation": 0.3279612324665829, "average_recall": 0.311667}, {"recall_standard_deviation": 0.31578194667909293, "accuracy_standard_deviation": 0.23175620272173947, "phi_coefficient_standard_deviation": 0.45750446680196466, "balanced_accuracy_standard_deviation": 0.23619089052872044, "average_balanced_accuracy": 0.4165175, "class_name": "Iris-versicolor", "average_recall": 0.23958374999999998, "precision_standard_deviation": 0.38115363991891443, "average_f_measure": 0.25000125, "average_accuracy": 0.53125, "occurrences": 8, "present_in_test_data": true, "average_precision": 0.28333375, "average_phi_coefficient": -0.0902775, "f_measure_standard_deviation": 0.3227502259270123}, {"accuracy_standard_deviation": 0.18708286933869706, "class_name": "Iris-virginica", "average_accuracy": 0.575, "occurrences": 10, "average_phi_coefficient": 0.11026599999999999, "average_balanced_accuracy": 0.579404, "precision_standard_deviation": 0.28492249434012745, "phi_coefficient_standard_deviation": 0.41076712215560773, "average_f_measure": 0.40785699999999997, "average_precision": 0.408333, "present_in_test_data": true, "balanced_accuracy_standard_deviation": 0.2294109716295191, "f_measure_standard_deviation": 0.2448017865968302, "recall_standard_deviation": 0.3355305914220043, "average_recall": 0.485}], "average_kendalls_tau_b": 0.0, "average_recall": 0.338333, "average_area_under_pr_curve_standard_deviation": 0.0, "average_recall_standard_deviation": 0.19865977710900615, "average_max_phi": 0.0}, "mode": {"average_ks_statistic_standard_deviation": 0.0, "accuracy_standard_deviation": 0.18708286933869706, "average_spearmans_rho": 0.0, "average_accuracy": 0.42500000000000004, "average_area_under_roc_curve": 0.0, "average_phi_standard_deviation": 0.0, "confusion_matrix": [[34, 0, 0], [17, 0, 0], [29, 0, 0]], "average_kendalls_tau_b_standard_deviation": 0.0, "average_balanced_accuracy": 0.49999999999999994, "average_max_phi_standard_deviation": 0.0, "average_area_under_roc_curve_standard_deviation": 0.0, "average_ks_statistic": 0.0, "average_area_under_pr_curve": 0.0,