{"model": {"average_phi": 0.9872679999999998, "average_f_measure_standard_deviation": 0.030000000000000002, "average_recall_standard_deviation": 0.050001, "average_recall": 0.9833329999999999, "average_precision_standard_deviation": 1.1102230246251565e-16, "per_class_statistics": [{"accuracy_standard_deviation": 1.1102230246251565e-16, "class_name": "Iris-setosa", "average_accuracy": 0.9999999999999999, "occurrences": 10, "average_phi_coefficient": 0.9999999999999999, "one_point_auc_standard_deviation": 1.1102230246251565e-16, "precision_standard_deviation": 1.1102230246251565e-16, "phi_coefficient_standard_deviation": 1.1102230246251565e-16, "average_f_measure": 0.9999999999999999, "average_precision": 0.9999999999999999, "present_in_test_data": true, "f_measure_standard_deviation": 1.1102230246251565e-16, "recall_standard_deviation": 1.1102230246251565e-16, "average_recall": 0.9999999999999999, "average_one_point_auc": 0.9999999999999999}, {"recall_standard_deviation": 0.0, "accuracy_standard_deviation": 0.0, "phi_coefficient_standard_deviation": 0.0, "average_phi_coefficient": 1.0, "f_measure_standard_deviation": 0.0, "class_name": "Iris-versicolor", "average_recall": 1.0, "precision_standard_deviation": 0.0, "one_point_auc_standard_deviation": 0.0, "average_f_measure": 1.0, "average_accuracy": 1.0, "occurrences": 8, "present_in_test_data": true, "average_precision": 1.0, "average_one_point_auc": 1.0}, {"accuracy_standard_deviation": 0.037499999999999985, "class_name": "Iris-virginica", "average_accuracy": 0.9874999999999998, "occurrences": 10, "average_phi_coefficient": 0.9745355992499929, "one_point_auc_standard_deviation": 0.050000000000000024, "precision_standard_deviation": 1.1102230246251565e-16, "phi_coefficient_standard_deviation": 0.07639320225002104, "average_f_measure": 0.9799999999999999, "average_precision": 0.9999999999999999, "present_in_test_data": true, "f_measure_standard_deviation": 0.059999999999999984, "recall_standard_deviation": 0.1, "average_recall": 0.9666666666666666, "average_one_point_auc": 0.9833333333333332}], "average_f_measure": 0.9899999999999999, "average_accuracy": 0.9874999999999998, "accuracy_standard_deviation": 0.037499999999999985, "average_phi_standard_deviation": 0.03819600000000001, "average_one_point_auc_standard_deviation": 0.02499900000000001, "confusion_matrix": [[34, 0, 0], [0, 17, 0], [0, 1, 28]], "average_precision": 0.9999999999999999, "average_one_point_auc": 0.9916669999999999}, "random": {"average_phi": 0.06936099999999999, "average_f_measure_standard_deviation": 0.14645693141671376, "average_recall_standard_deviation": 0.15493536846375652, "average_recall": 0.41777700000000006, "average_precision_standard_deviation": 0.1581357836038384, "per_class_statistics": [{"accuracy_standard_deviation": 0.1125, "class_name": "Iris-setosa", "average_accuracy": 0.6625, "occurrences": 10, "average_phi_coefficient": 0.23818480898037198, "one_point_auc_standard_deviation": 0.14365259689300544, "precision_standard_deviation": 0.25237207980810134, "phi_coefficient_standard_deviation": 0.26494848930764486, "average_f_measure": 0.5204761904761904, "average_precision": 0.5683333333333334, "present_in_test_data": true, "f_measure_standard_deviation": 0.2172603065825107, "recall_standard_deviation": 0.24560582693051528, "average_recall": 0.5033333333333333, "average_one_point_auc": 0.6253571428571427}, {"recall_standard_deviation": 0.3326816546389857, "accuracy_standard_deviation": 0.11587810136086973, "phi_coefficient_standard_deviation": 0.2715004060651016, "average_phi_coefficient": -0.03150785498865423, "f_measure_standard_deviation": 0.2535511673103566, "class_name": "Iris-versicolor", "average_recall": 0.2708333333333333, "precision_standard_deviation": 0.23477974311634678, "one_point_auc_standard_deviation": 0.15711467099309928, "average_f_measure": 0.2375, "average_accuracy": 0.609375, "occurrences": 8, "present_in_test_data": true, "average_precision": 0.22916666666666666, "average_one_point_auc": 0.4803571428571428}, {"accuracy_standard_deviation": 0.2, "class_name": "Iris-virginica", "average_accuracy": 0.525, "occurrences": 10, "average_phi_coefficient": -0.04526246357888801, "one_point_auc_standard_deviation": 0.23263500944408091, "precision_standard_deviation": 0.232163735324878, "phi_coefficient_standard_deviation": 0.4240944131859459, "average_f_measure": 0.33190476190476187, "average_precision": 0.3066666666666667, "present_in_test_data": true, "f_measure_standard_deviation": 0.24472716077287918, "recall_standard_deviation": 0.358406969178273, "average_recall": 0.42333333333333334, "average_one_point_auc": 0.5047619047619047}], "average_f_measure": 0.38635, "average_accuracy": 0.42499999999999993, "accuracy_standard_deviation": 0.11456439237389601, "average_phi_standard_deviation": 0.20346573025696488, "average_one_point_auc_standard_deviation": 0.1117174070993415, "confusion_matrix": [[18, 6, 10], [2, 6, 9], [9, 10, 10]], "average_precision": 0.3947220000000001, "average_one_point_auc": 0.544801}, "mode": {"average_phi": 0.0, "average_f_measure_standard_deviation": 0.09953896334601843, "average_recall_standard_deviation": 0.06666799999999998, "average_recall": 0.36666400000000005, "average_precision_standard_deviation": 0.09166681820593535, "per_class_statistics": [{"accuracy_standard_deviation": 0.18708286933869706, "class_name": "Iris-setosa", "average_accuracy": 0.42500000000000004, "occurrences": 10, "average_phi_coefficient": 0.0, "one_point_auc_standard_deviation": 5.551115123125783e-17, "precision_standard_deviation": 0.18708286933869706, "phi_coefficient_standard_deviation": 0.0, "average_f_measure": 0.5720856920856922, "average_precision": 0.42500000000000004, "present_in_test_data": true, "f_measure_standard_deviation": 0.18753521890220803, "recall_standard_deviation": 1.1102230246251565e-16, "average_recall": 0.9999999999999999, "average_one_point_auc": 0.49999999999999994}, {"recall_standard_deviation": 0.0, "accuracy_standard_deviation": 0.1316585902058806, "phi_coefficient_standard_deviation": 0.0, "average_phi_coefficient": 0.0, "f_measure_standard_deviation": 0.0, "class_name": "Iris-versicolor", "average_recall": 0.0, "precision_standard_deviation": 0.0, "one_point_auc_standard_deviation": 0.0, "average_f_measure": 0.0, "average_accuracy": 0.734375, "occurrences": 8, "present_in_test_data": true, "average_precision": 0.0, "average_one_point_auc": 0.5}, {"accuracy_standard_deviation": 0.1525819451966713, "class_name": "Iris-virginica", "average_accuracy": 0.6375000000000001, "occurrences": 10, "average_phi_coefficient": 0.0, "one_point_auc_standard_deviation": 5.551115123125783e-17, "precision_standard_deviation": 0.0, "phi_coefficient_standard_deviation": 0.0, "average_f_measure": 0.0, "average_precision": 0.0, "present_in_test_data": true, "f_measure_standard_deviation": 0.0, "recall_standard_deviation": 0.0, "average_recall": 0.0, "average_one_point_auc": 0.49999999999999994}], "average_f_measure": 0.21633600000000006, "average_accuracy": 0.42500000000000004, "accuracy_standard_deviation": 0.18708286933869706, "average_phi_standard_deviation": 0.0, "average_one_point_auc_standard_deviation": 5.551115123125783e-17, "confusion_matrix": [[34, 0, 0], [17, 0, 0], [29, 0, 0]], "average_precision": 0.1625, "average_one_point_auc": 0.49999999999999994}, "class_names": ["Iris-virginica", "Iris-setosa", "Iris-versicolor"]}