{"model": {"average_phi": 0.22234428571428572, "average_f_measure_standard_deviation": 0.15480844243444733, "average_recall_standard_deviation": 0.17464264032706378, "average_recall": 0.6084071428571428, "average_precision_standard_deviation": 0.17685632124203335, "per_class_statistics": [{"accuracy_standard_deviation": 0.16468206157895796, "class_name": "0", "average_accuracy": 0.7047619047619047, "occurrences": 7, "average_phi_coefficient": 0.22234595113062222, "one_point_auc_standard_deviation": 0.17464367518311638, "precision_standard_deviation": 0.15646871195318007, "phi_coefficient_standard_deviation": 0.33761119660129607, "average_f_measure": 0.7811136064034007, "average_precision": 0.7867187546990502, "present_in_test_data": true, "f_measure_standard_deviation": 0.13107304585410284, "recall_standard_deviation": 0.1529945686532699, "average_recall": 0.7896502534788654, "average_one_point_auc": 0.6084073778216839}, {"accuracy_standard_deviation": 0.16468206157895796, "class_name": "1", "average_accuracy": 0.7047619047619047, "occurrences": 7, "average_phi_coefficient": 0.22234595113062222, "one_point_auc_standard_deviation": 0.17464367518311638, "precision_standard_deviation": 0.314158198748889, "phi_coefficient_standard_deviation": 0.33761119660129607, "average_f_measure": 0.40550039695512075, "average_precision": 0.45294784580498865, "present_in_test_data": true, "f_measure_standard_deviation": 0.26078427678790445, "recall_standard_deviation": 0.33511243748649194, "average_recall": 0.42716450216450214, "average_one_point_auc": 0.6084073778216839}], "average_f_measure": 0.5933071428571428, "average_accuracy": 0.70476, "accuracy_standard_deviation": 0.1646818275168384, "average_phi_standard_deviation": 0.3376107543081082, "average_one_point_auc_standard_deviation": 0.17464264032706378, "confusion_matrix": [[120, 30], [32, 28]], "average_precision": 0.6198328571428572, "average_one_point_auc": 0.6084071428571428}, "random": {"average_phi": 0.09887142857142858, "average_f_measure_standard_deviation": 0.11782822869563567, "average_recall_standard_deviation": 0.15245638396684116, "average_recall": 0.5301914285714285, "average_precision_standard_deviation": 0.08559108960872132, "per_class_statistics": [{"accuracy_standard_deviation": 0.09233675918888247, "class_name": "0", "average_accuracy": 0.5523809523809523, "occurrences": 7, "average_phi_coefficient": 0.09887177777469258, "one_point_auc_standard_deviation": 0.15245765644849218, "precision_standard_deviation": 0.1158790283480874, "phi_coefficient_standard_deviation": 0.2038327608112583, "average_f_measure": 0.6314366665280287, "average_precision": 0.7677370948379353, "present_in_test_data": true, "f_measure_standard_deviation": 0.07403349492330139, "recall_standard_deviation": 0.08050553172566008, "average_recall": 0.5450289380258606, "average_one_point_auc": 0.5301907213320398}, {"accuracy_standard_deviation": 0.09233675918888247, "class_name": "1", "average_accuracy": 0.5523809523809523, "occurrences": 7, "average_phi_coefficient": 0.09887177777469258, "one_point_auc_standard_deviation": 0.15245765644849218, "precision_standard_deviation": 0.16429627370540348, "phi_coefficient_standard_deviation": 0.2038327608112583, "average_f_measure": 0.4049689440993789, "average_precision": 0.33881039595325313, "present_in_test_data": true, "f_measure_standard_deviation": 0.19145777325748098, "recall_standard_deviation": 0.2487266510451832, "average_recall": 0.5153525046382189, "average_one_point_auc": 0.5301907213320398}], "average_f_measure": 0.5182028571428572, "average_accuracy": 0.5523814285714286, "accuracy_standard_deviation": 0.09233769241656586, "average_phi_standard_deviation": 0.20383411998335255, "average_one_point_auc_standard_deviation": 0.15245638396684116, "confusion_matrix": [[81, 69], [25, 35]], "average_precision": 0.5532728571428571, "average_one_point_auc": 0.5301914285714285}, "mode": {"average_phi": 0.0, "average_f_measure_standard_deviation": 0.03700512391437661, "average_recall_standard_deviation": 1.1102230246251565e-16, "average_recall": 0.4999999999999999, "average_precision_standard_deviation": 0.058319551417607966, "per_class_statistics": [{"accuracy_standard_deviation": 0.11664236870396087, "class_name": "0", "average_accuracy": 0.7142857142857143, "occurrences": 7, "average_phi_coefficient": 0.0, "one_point_auc_standard_deviation": 1.1102230246251565e-16, "precision_standard_deviation": 0.11664236870396087, "phi_coefficient_standard_deviation": 0.0, "average_f_measure": 0.8283070900109464, "average_precision": 0.7142857142857143, "present_in_test_data": true, "f_measure_standard_deviation": 0.07400964474678186, "recall_standard_deviation": 2.220446049250313e-16, "average_recall": 0.9999999999999998, "average_one_point_auc": 0.4999999999999999}, {"accuracy_standard_deviation": 0.11664236870396087, "class_name": "1", "average_accuracy": 0.7142857142857143, "occurrences": 7, "average_phi_coefficient": 0.0, "one_point_auc_standard_deviation": 1.1102230246251565e-16, "precision_standard_deviation": 0.0, "phi_coefficient_standard_deviation": 0.0, "average_f_measure": 0.0, "average_precision": 0.0, "present_in_test_data": true, "f_measure_standard_deviation": 0.0, "recall_standard_deviation": 0.0, "average_recall": 0.0, "average_one_point_auc": 0.4999999999999999}], "average_f_measure": 0.4141557142857143, "average_accuracy": 0.7142857142857144, "accuracy_standard_deviation": 0.11664400172651619, "average_phi_standard_deviation": 0.0, "average_one_point_auc_standard_deviation": 1.1102230246251565e-16, "confusion_matrix": [[150, 0], [60, 0]], "average_precision": 0.3571428571428571, "average_one_point_auc": 0.4999999999999999}, "class_names": ["1", "0"]}