{"model": {"average_phi": 1, "average_kendalls_tau_b": 0.80465, "average_balanced_accuracy": 1, "average_recall": 1, "average_spearmans_rho": 0.85886, "per_class_statistics": [{"lift_curve": [[0, 0, 0.9818], [0.43333, 2.30769, 0.10278], [0.46667, 2.14286, 0.00856], [0.73333, 1.36364, 0.00771], [1, 1, null]], "negative_cdf": [[0, 0, 0.9818], [0.43333, 0, 0.10278], [0.46667, 0.05882, 0.00856], [0.73333, 0.52941, 0.00771], [1, 1, null]], "balanced_accuracy": 1, "class_name": "Iris-setosa", "recall": 1, "pr_curve": [[0, 1, 0.9818], [1, 1, 0.10278], [1, 0.92857, 0.00856], [1, 0.59091, 0.00771], [1, 0.43333, null]], "precision": 1, "max_phi": [1, 0.10278], "gain_curve": [[0, 0, 0.9818], [0.43333, 1, 0.10278], [0.46667, 1, 0.00856], [0.73333, 1, 0.00771], [1, 1, null]], "area_under_roc_curve": 1, "spearmans_rho": 0.9146, "kendalls_tau_b": 0.85687, "roc_curve": [[0, 0, 0.9818], [0, 1, 0.10278], [0.05882, 1, 0.00856], [0.52941, 1, 0.00771], [1, 1, null]], "area_under_pr_curve": 1, "per_threshold_confusion_matrices": [[[13, 17, 0, 0], null], [[13, 9, 8, 0], 0.00771], [[13, 1, 16, 0], 0.00856], [[13, 0, 17, 0], 0.10278], [[0, 0, 17, 13], 0.9818]], "phi_coefficient": 1, "present_in_test_data": true, "ks_statistic": [1, 0.10278], "f_measure": 1, "accuracy": 1}, {"lift_curve": [[0, 0, 0.98375], [0.26667, 3.75, 0.11667], [0.3, 3.33333, 0.00972], [0.56667, 1.76471, 0.00921], [1, 1, null]], "negative_cdf": [[0, 0, 0.98375], [0.26667, 0, 0.11667], [0.3, 0.04545, 0.00972], [0.56667, 0.40909, 0.00921], [1, 1, null]], "balanced_accuracy": 1, "class_name": "Iris-versicolor", "recall": 1, "pr_curve": [[0, 1, 0.98375], [1, 1, 0.11667], [1, 0.88889, 0.00972], [1, 0.47059, 0.00921], [1, 0.26667, null]], "precision": 1, "max_phi": [1, 0.11667], "gain_curve": [[0, 0, 0.98375], [0.26667, 1, 0.11667], [0.3, 1, 0.00972], [0.56667, 1, 0.00921], [1, 1, null]], "area_under_roc_curve": 1, "spearmans_rho": 0.81619, "kendalls_tau_b": 0.76467, "roc_curve": [[0, 0, 0.98375], [0, 1, 0.11667], [0.04545, 1, 0.00972], [0.40909, 1, 0.00921], [1, 1, null]], "area_under_pr_curve": 1, "per_threshold_confusion_matrices": [[[8, 22, 0, 0], null], [[8, 9, 13, 0], 0.00921], [[8, 1, 21, 0], 0.00972], [[8, 0, 22, 0], 0.11667], [[0, 0, 22, 8], 0.98375]], "phi_coefficient": 1, "present_in_test_data": true, "ks_statistic": [1, 0.11667], "f_measure": 1, "accuracy": 1}, {"lift_curve": [[0, 0, 0.98171], [0.26667, 3.33333, 0.78056], [0.3, 3.33333, 0.00899], [0.73333, 1.36364, 0.00854], [1, 1, null]], "negative_cdf": [[0, 0, 0.98171], [0.26667, 0, 0.78056], [0.3, 0, 0.00899], [0.73333, 0.61905, 0.00854], [1, 1, null]], "balanced_accuracy": 1, "class_name": "Iris-virginica", "recall": 1, "pr_curve": [[0, 1, 0.98171], [0.88889, 1, 0.78056], [1, 1, 0.00899], [1, 0.40909, 0.00854], [1, 0.3, null]], "precision": 1, "max_phi": [1, 0.00899], "gain_curve": [[0, 0, 0.98171], [0.26667, 0.88889, 0.78056], [0.3, 1, 0.00899], [0.73333, 1, 0.00854], [1, 1, null]], "area_under_roc_curve": 1, "spearmans_rho": 0.84579, "kendalls_tau_b": 0.79241, "roc_curve": [[0, 0, 0.98171], [0, 0.88889, 0.78056], [0, 1, 0.00899], [0.61905, 1, 0.00854], [1, 1, null]], "area_under_pr_curve": 1, "per_threshold_confusion_matrices": [[[9, 21, 0, 0], null], [[9, 13, 8, 0], 0.00854], [[9, 0, 21, 0], 0.00899], [[8, 0, 21, 1], 0.78056], [[0, 0, 21, 9], 0.98171]], "phi_coefficient": 1, "present_in_test_data": true, "ks_statistic": [1, 0.00899], "f_measure": 1, "accuracy": 1}], "average_f_measure": 1, "average_max_phi": 1, "average_area_under_roc_curve": 1, "average_area_under_pr_curve": 1, "average_precision": 1, "confusion_matrix": [[13, 0, 0], [0, 8, 0], [0, 0, 9]], "average_ks_statistic": 1, "accuracy": 1}, "random": {"average_phi": -0.21324, "average_kendalls_tau_b": 0, "average_balanced_accuracy": 0.39069, "average_recall": 0.18127, "average_spearmans_rho": 0, "per_class_statistics": [{"balanced_accuracy": 0.44796, "class_name": "Iris-setosa", "recall": 0.30769, "precision": 0.36364, "phi_coefficient": -0.10702, "present_in_test_data": true, "f_measure": 0.33333, "accuracy": 0.46667}, {"balanced_accuracy": 0.33523, "class_name": "Iris-versicolor", "recall": 0.125, "precision": 0.09091, "phi_coefficient": -0.30241, "present_in_test_data": true, "f_measure": 0.10526, "accuracy": 0.43333}, {"balanced_accuracy": 0.38889, "class_name": "Iris-virginica", "recall": 0.11111, "precision": 0.125, "phi_coefficient": -0.23028, "present_in_test_data": true, "f_measure": 0.11765, "accuracy": 0.5}], "average_f_measure": 0.18541, "average_max_phi": 0, "average_area_under_roc_curve": 0, "average_area_under_pr_curve": 0, "average_precision": 0.19318, "confusion_matrix": [[4, 5, 4], [4, 1, 3], [3, 5, 1]], "average_ks_statistic": 0, "accuracy": 0.2}, "mode": {"average_phi": 0, "average_kendalls_tau_b": 0, "average_balanced_accuracy": 0.5, "average_recall": 0.33333, "average_spearmans_rho": 0, "per_class_statistics": [{"balanced_accuracy": 0.5, "class_name": "Iris-setosa", "recall": 1, "precision": 0.43333, "phi_coefficient": 0, "present_in_test_data": true, "f_measure": 0.60465, "accuracy": 0.43333}, {"balanced_accuracy": 0.5, "class_name": "Iris-versicolor", "recall": 0, "precision": 0, "phi_coefficient": 0, "present_in_test_data": true, "f_measure": 0, "accuracy": 0.73333}, {"balanced_accuracy": 0.5, "class_name": "Iris-virginica", "recall": 0, "precision": 0, "phi_coefficient": 0, "present_in_test_data": true, "f_measure": 0, "accuracy": 0.7}], "average_f_measure": 0.20155, "average_max_phi": 0, "average_area_under_roc_curve": 0, "average_area_under_pr_curve": 0, "average_precision": 0.14444, "confusion_matrix": [[13, 0, 0], [8, 0, 0], [9, 0, 0]], "average_ks_statistic": 0, "accuracy": 0.43333}, "class_names": ["Iris-setosa", "Iris-versicolor", "Iris-virginica"]}