{"model": {"average_phi": 1, "average_kendalls_tau_b": 0.66983, "average_balanced_accuracy": 1, "average_recall": 1, "average_spearmans_rho": 0.80649, "per_class_statistics": [{"lift_curve": [[0, 0, 0.99317], [0.03333, 2.30769, 0.99279], [0.06667, 2.30769, 0.99271], [0.1, 2.30769, 0.99259], [0.13333, 2.30769, 0.99247], [0.16667, 2.30769, 0.99233], [0.2, 2.30769, 0.99219], [0.23333, 2.30769, 0.99211], [0.26667, 2.30769, 0.99206], [0.3, 2.30769, 0.99173], [0.33333, 2.30769, 0.99172], [0.36667, 2.30769, 0.99156], [0.4, 2.30769, 0.99149], [0.43333, 2.30769, 0.0473], [0.46667, 2.14286, 0.0156], [0.5, 2, 0.0139], [0.53333, 1.875, 0.01348], [0.56667, 1.76471, 0.01276], [0.6, 1.66667, 0.01184], [0.63333, 1.57895, 0.00994], [0.66667, 1.5, 0.00945], [0.7, 1.42857, 0.00904], [0.73333, 1.36364, 0.00702], [0.76667, 1.30435, 0.00659], [0.8, 1.25, 0.00503], [0.83333, 1.2, 0.00451], [0.86667, 1.15385, 0.00443], [0.9, 1.11111, 0.00438], [0.93333, 1.07143, 0.00428], [0.96667, 1.03448, 0.00427], [1, 1, null]], "negative_cdf": [[0, 0, 0.99317], [0.03333, 0, 0.99279], [0.06667, 0, 0.99271], [0.1, 0, 0.99259], [0.13333, 0, 0.99247], [0.16667, 0, 0.99233], [0.2, 0, 0.99219], [0.23333, 0, 0.99211], [0.26667, 0, 0.99206], [0.3, 0, 0.99173], [0.33333, 0, 0.99172], [0.36667, 0, 0.99156], [0.4, 0, 0.99149], [0.43333, 0, 0.0473], [0.46667, 0.05882, 0.0156], [0.5, 0.11765, 0.0139], [0.53333, 0.17647, 0.01348], [0.56667, 0.23529, 0.01276], [0.6, 0.29412, 0.01184], [0.63333, 0.35294, 0.00994], [0.66667, 0.41176, 0.00945], [0.7, 0.47059, 0.00904], [0.73333, 0.52941, 0.00702], [0.76667, 0.58824, 0.00659], [0.8, 0.64706, 0.00503], [0.83333, 0.70588, 0.00451], [0.86667, 0.76471, 0.00443], [0.9, 0.82353, 0.00438], [0.93333, 0.88235, 0.00428], [0.96667, 0.94118, 0.00427], [1, 1, null]], "balanced_accuracy": 1, "class_name": "Iris-setosa", "recall": 1, "pr_curve": [[0, 1, 0.99317], [0.07692, 1, 0.99279], [0.15385, 1, 0.99271], [0.23077, 1, 0.99259], [0.30769, 1, 0.99247], [0.38462, 1, 0.99233], [0.46154, 1, 0.99219], [0.53846, 1, 0.99211], [0.61538, 1, 0.99206], [0.69231, 1, 0.99173], [0.76923, 1, 0.99172], [0.84615, 1, 0.99156], [0.92308, 1, 0.99149], [1, 1, 0.0473], [1, 0.92857, 0.0156], [1, 0.86667, 0.0139], [1, 0.8125, 0.01348], [1, 0.76471, 0.01276], [1, 0.72222, 0.01184], [1, 0.68421, 0.00994], [1, 0.65, 0.00945], [1, 0.61905, 0.00904], [1, 0.59091, 0.00702], [1, 0.56522, 0.00659], [1, 0.54167, 0.00503], [1, 0.52, 0.00451], [1, 0.5, 0.00443], [1, 0.48148, 0.00438], [1, 0.46429, 0.00428], [1, 0.44828, 0.00427], [1, 0.43333, null]], "precision": 1, "max_phi": [1, 0.0473], "gain_curve": [[0, 0, 0.99317], [0.03333, 0.07692, 0.99279], [0.06667, 0.15385, 0.99271], [0.1, 0.23077, 0.99259], [0.13333, 0.30769, 0.99247], [0.16667, 0.38462, 0.99233], [0.2, 0.46154, 0.99219], [0.23333, 0.53846, 0.99211], [0.26667, 0.61538, 0.99206], [0.3, 0.69231, 0.99173], [0.33333, 0.76923, 0.99172], [0.36667, 0.84615, 0.99156], [0.4, 0.92308, 0.99149], [0.43333, 1, 0.0473], [0.46667, 1, 0.0156], [0.5, 1, 0.0139], [0.53333, 1, 0.01348], [0.56667, 1, 0.01276], [0.6, 1, 0.01184], [0.63333, 1, 0.00994], [0.66667, 1, 0.00945], [0.7, 1, 0.00904], [0.73333, 1, 0.00702], [0.76667, 1, 0.00659], [0.8, 1, 0.00503], [0.83333, 1, 0.00451], [0.86667, 1, 0.00443], [0.9, 1, 0.00438], [0.93333, 1, 0.00428], [0.96667, 1, 0.00427], [1, 1, null]], "area_under_roc_curve": 1, "spearmans_rho": 0.85877, "kendalls_tau_b": 0.71277, "roc_curve": [[0, 0, 0.99317], [0, 0.07692, 0.99279], [0, 0.15385, 0.99271], [0, 0.23077, 0.99259], [0, 0.30769, 0.99247], [0, 0.38462, 0.99233], [0, 0.46154, 0.99219], [0, 0.53846, 0.99211], [0, 0.61538, 0.99206], [0, 0.69231, 0.99173], [0, 0.76923, 0.99172], [0, 0.84615, 0.99156], [0, 0.92308, 0.99149], [0, 1, 0.0473], [0.05882, 1, 0.0156], [0.11765, 1, 0.0139], [0.17647, 1, 0.01348], [0.23529, 1, 0.01276], [0.29412, 1, 0.01184], [0.35294, 1, 0.00994], [0.41176, 1, 0.00945], [0.47059, 1, 0.00904], [0.52941, 1, 0.00702], [0.58824, 1, 0.00659], [0.64706, 1, 0.00503], [0.70588, 1, 0.00451], [0.76471, 1, 0.00443], [0.82353, 1, 0.00438], [0.88235, 1, 0.00428], [0.94118, 1, 0.00427], [1, 1, null]], "area_under_pr_curve": 1, "per_threshold_confusion_matrices": [[[13, 17, 0, 0], null], [[13, 16, 1, 0], 0.00427], [[13, 15, 2, 0], 0.00428], [[13, 14, 3, 0], 0.00438], [[13, 13, 4, 0], 0.00443], [[13, 12, 5, 0], 0.00451], [[13, 11, 6, 0], 0.00503], [[13, 10, 7, 0], 0.00659], [[13, 9, 8, 0], 0.00702], [[13, 8, 9, 0], 0.00904], [[13, 7, 10, 0], 0.00945], [[13, 6, 11, 0], 0.00994], [[13, 5, 12, 0], 0.01184], [[13, 4, 13, 0], 0.01276], [[13, 3, 14, 0], 0.01348], [[13, 2, 15, 0], 0.0139], [[13, 1, 16, 0], 0.0156], [[13, 0, 17, 0], 0.0473], [[12, 0, 17, 1], 0.99149], [[11, 0, 17, 2], 0.99156], [[10, 0, 17, 3], 0.99172], [[9, 0, 17, 4], 0.99173], [[8, 0, 17, 5], 0.99206], [[7, 0, 17, 6], 0.99211], [[6, 0, 17, 7], 0.99219], [[5, 0, 17, 8], 0.99233], [[4, 0, 17, 9], 0.99247], [[3, 0, 17, 10], 0.99259], [[2, 0, 17, 11], 0.99271], [[1, 0, 17, 12], 0.99279], [[0, 0, 17, 13], 0.99317]], "phi_coefficient": 1, "present_in_test_data": true, "ks_statistic": [1, 0.0473], "f_measure": 1, "accuracy": 1}, {"lift_curve": [[0, 0, 0.97157], [0.03333, 3.75, 0.96956], [0.06667, 3.75, 0.96529], [0.1, 3.75, 0.96208], [0.13333, 3.75, 0.95867], [0.16667, 3.75, 0.94957], [0.2, 3.75, 0.94876], [0.23333, 3.75, 0.94635], [0.26667, 3.75, 0.26261], [0.3, 3.33333, 0.11266], [0.33333, 3, 0.03336], [0.36667, 2.72727, 0.02362], [0.4, 2.5, 0.01768], [0.43333, 2.30769, 0.01631], [0.46667, 2.14286, 0.01579], [0.5, 2, 0.01415], [0.53333, 1.875, 0.01295], [0.56667, 1.76471, 0.00465], [0.6, 1.66667, 0.00463], [0.63333, 1.57895, 0.00446], [0.66667, 1.5, 0.00443], [0.7, 1.42857, 0.00418], [0.76667, 1.30435, 0.00417], [0.8, 1.25, 0.00404], [0.83333, 1.2, 0.00394], [0.86667, 1.15385, 0.00386], [0.9, 1.11111, 0.00379], [0.93333, 1.07143, 0.00372], [0.96667, 1.03448, 0.00347], [1, 1, null]], "negative_cdf": [[0, 0, 0.97157], [0.03333, 0, 0.96956], [0.06667, 0, 0.96529], [0.1, 0, 0.96208], [0.13333, 0, 0.95867], [0.16667, 0, 0.94957], [0.2, 0, 0.94876], [0.23333, 0, 0.94635], [0.26667, 0, 0.26261], [0.3, 0.04545, 0.11266], [0.33333, 0.09091, 0.03336], [0.36667, 0.13636, 0.02362], [0.4, 0.18182, 0.01768], [0.43333, 0.22727, 0.01631], [0.46667, 0.27273, 0.01579], [0.5, 0.31818, 0.01415], [0.53333, 0.36364, 0.01295], [0.56667, 0.40909, 0.00465], [0.6, 0.45455, 0.00463], [0.63333, 0.5, 0.00446], [0.66667, 0.54545, 0.00443], [0.7, 0.59091, 0.00418], [0.76667, 0.68182, 0.00417], [0.8, 0.72727, 0.00404], [0.83333, 0.77273, 0.00394], [0.86667, 0.81818, 0.00386], [0.9, 0.86364, 0.00379], [0.93333, 0.90909, 0.00372], [0.96667, 0.95455, 0.00347], [1, 1, null]], "balanced_accuracy": 1, "class_name": "Iris-versicolor", "recall": 1, "pr_curve": [[0, 1, 0.97157], [0.125, 1, 0.96956], [0.25, 1, 0.96529], [0.375, 1, 0.96208], [0.5, 1, 0.95867], [0.625, 1, 0.94957], [0.75, 1, 0.94876], [0.875, 1, 0.94635], [1, 1, 0.26261], [1, 0.88889, 0.11266], [1, 0.8, 0.03336], [1, 0.72727, 0.02362], [1, 0.66667, 0.01768], [1, 0.61538, 0.01631], [1, 0.57143, 0.01579], [1, 0.53333, 0.01415], [1, 0.5, 0.01295], [1, 0.47059, 0.00465], [1, 0.44444, 0.00463], [1, 0.42105, 0.00446], [1, 0.4, 0.00443], [1, 0.38095, 0.00418], [1, 0.34783, 0.00417], [1, 0.33333, 0.00404], [1, 0.32, 0.00394], [1, 0.30769, 0.00386], [1, 0.2963, 0.00379], [1, 0.28571, 0.00372], [1, 0.27586, 0.00347], [1, 0.26667, null]], "precision": 1, "max_phi": [1, 0.26261],