{"model": {"average_phi": 1, "average_kendalls_tau_b": 0.67138, "average_balanced_accuracy": 1, "average_recall": 1, "average_spearmans_rho": 0.80679, "per_class_statistics": [{"lift_curve": [[0, 0, 0.90455], [0.03333, 2.30769, 0.8818], [0.06667, 2.30769, 0.87763], [0.1, 2.30769, 0.86961], [0.13333, 2.30769, 0.86085], [0.16667, 2.30769, 0.85418], [0.2, 2.30769, 0.83767], [0.23333, 2.30769, 0.82186], [0.26667, 2.30769, 0.81271], [0.3, 2.30769, 0.81051], [0.33333, 2.30769, 0.79886], [0.36667, 2.30769, 0.79769], [0.4, 2.30769, 0.79337], [0.43333, 2.30769, 0.11438], [0.46667, 2.14286, 0.06266], [0.5, 2, 0.05219], [0.53333, 1.875, 0.03722], [0.56667, 1.76471, 0.03292], [0.6, 1.66667, 0.02393], [0.63333, 1.57895, 0.01744], [0.66667, 1.5, 0.00438], [0.7, 1.42857, 0.00405], [0.73333, 1.36364, 0.00219], [0.76667, 1.30435, 0.00163], [0.8, 1.25, 0.0013], [0.83333, 1.2, 0.00096], [0.86667, 1.15385, 0.00065], [0.9, 1.11111, 0.0005], [0.93333, 1.07143, 0.00042], [0.96667, 1.03448, 0.0004], [1, 1, null]], "negative_cdf": [[0, 0, 0.90455], [0.03333, 0, 0.8818], [0.06667, 0, 0.87763], [0.1, 0, 0.86961], [0.13333, 0, 0.86085], [0.16667, 0, 0.85418], [0.2, 0, 0.83767], [0.23333, 0, 0.82186], [0.26667, 0, 0.81271], [0.3, 0, 0.81051], [0.33333, 0, 0.79886], [0.36667, 0, 0.79769], [0.4, 0, 0.79337], [0.43333, 0, 0.11438], [0.46667, 0.05882, 0.06266], [0.5, 0.11765, 0.05219], [0.53333, 0.17647, 0.03722], [0.56667, 0.23529, 0.03292], [0.6, 0.29412, 0.02393], [0.63333, 0.35294, 0.01744], [0.66667, 0.41176, 0.00438], [0.7, 0.47059, 0.00405], [0.73333, 0.52941, 0.00219], [0.76667, 0.58824, 0.00163], [0.8, 0.64706, 0.0013], [0.83333, 0.70588, 0.00096], [0.86667, 0.76471, 0.00065], [0.9, 0.82353, 0.0005], [0.93333, 0.88235, 0.00042], [0.96667, 0.94118, 0.0004], [1, 1, null]], "balanced_accuracy": 1, "class_name": "Iris-setosa", "recall": 1, "pr_curve": [[0, 1, 0.90455], [0.07692, 1, 0.8818], [0.15385, 1, 0.87763], [0.23077, 1, 0.86961], [0.30769, 1, 0.86085], [0.38462, 1, 0.85418], [0.46154, 1, 0.83767], [0.53846, 1, 0.82186], [0.61538, 1, 0.81271], [0.69231, 1, 0.81051], [0.76923, 1, 0.79886], [0.84615, 1, 0.79769], [0.92308, 1, 0.79337], [1, 1, 0.11438], [1, 0.92857, 0.06266], [1, 0.86667, 0.05219], [1, 0.8125, 0.03722], [1, 0.76471, 0.03292], [1, 0.72222, 0.02393], [1, 0.68421, 0.01744], [1, 0.65, 0.00438], [1, 0.61905, 0.00405], [1, 0.59091, 0.00219], [1, 0.56522, 0.00163], [1, 0.54167, 0.0013], [1, 0.52, 0.00096], [1, 0.5, 0.00065], [1, 0.48148, 0.0005], [1, 0.46429, 0.00042], [1, 0.44828, 0.0004], [1, 0.43333, null]], "precision": 1, "max_phi": [1, 0.11438], "gain_curve": [[0, 0, 0.90455], [0.03333, 0.07692, 0.8818], [0.06667, 0.15385, 0.87763], [0.1, 0.23077, 0.86961], [0.13333, 0.30769, 0.86085], [0.16667, 0.38462, 0.85418], [0.2, 0.46154, 0.83767], [0.23333, 0.53846, 0.82186], [0.26667, 0.61538, 0.81271], [0.3, 0.69231, 0.81051], [0.33333, 0.76923, 0.79886], [0.36667, 0.84615, 0.79769], [0.4, 0.92308, 0.79337], [0.43333, 1, 0.11438], [0.46667, 1, 0.06266], [0.5, 1, 0.05219], [0.53333, 1, 0.03722], [0.56667, 1, 0.03292], [0.6, 1, 0.02393], [0.63333, 1, 0.01744], [0.66667, 1, 0.00438], [0.7, 1, 0.00405], [0.73333, 1, 0.00219], [0.76667, 1, 0.00163], [0.8, 1, 0.0013], [0.83333, 1, 0.00096], [0.86667, 1, 0.00065], [0.9, 1, 0.0005], [0.93333, 1, 0.00042], [0.96667, 1, 0.0004], [1, 1, null]], "area_under_roc_curve": 1, "spearmans_rho": 0.85877, "kendalls_tau_b": 0.71277, "roc_curve": [[0, 0, 0.90455], [0, 0.07692, 0.8818], [0, 0.15385, 0.87763], [0, 0.23077, 0.86961], [0, 0.30769, 0.86085], [0, 0.38462, 0.85418], [0, 0.46154, 0.83767], [0, 0.53846, 0.82186], [0, 0.61538, 0.81271], [0, 0.69231, 0.81051], [0, 0.76923, 0.79886], [0, 0.84615, 0.79769], [0, 0.92308, 0.79337], [0, 1, 0.11438], [0.05882, 1, 0.06266], [0.11765, 1, 0.05219], [0.17647, 1, 0.03722], [0.23529, 1, 0.03292], [0.29412, 1, 0.02393], [0.35294, 1, 0.01744], [0.41176, 1, 0.00438], [0.47059, 1, 0.00405], [0.52941, 1, 0.00219], [0.58824, 1, 0.00163], [0.64706, 1, 0.0013], [0.70588, 1, 0.00096], [0.76471, 1, 0.00065], [0.82353, 1, 0.0005], [0.88235, 1, 0.00042], [0.94118, 1, 0.0004], [1, 1, null]], "area_under_pr_curve": 1, "per_threshold_confusion_matrices": [[[13, 17, 0, 0], null], [[13, 16, 1, 0], 0.0004], [[13, 15, 2, 0], 0.00042], [[13, 14, 3, 0], 0.0005], [[13, 13, 4, 0], 0.00065], [[13, 12, 5, 0], 0.00096], [[13, 11, 6, 0], 0.0013], [[13, 10, 7, 0], 0.00163], [[13, 9, 8, 0], 0.00219], [[13, 8, 9, 0], 0.00405], [[13, 7, 10, 0], 0.00438], [[13, 6, 11, 0], 0.01744], [[13, 5, 12, 0], 0.02393], [[13, 4, 13, 0], 0.03292], [[13, 3, 14, 0], 0.03722], [[13, 2, 15, 0], 0.05219], [[13, 1, 16, 0], 0.06266], [[13, 0, 17, 0], 0.11438], [[12, 0, 17, 1], 0.79337], [[11, 0, 17, 2], 0.79769], [[10, 0, 17, 3], 0.79886], [[9, 0, 17, 4], 0.81051], [[8, 0, 17, 5], 0.81271], [[7, 0, 17, 6], 0.82186], [[6, 0, 17, 7], 0.83767], [[5, 0, 17, 8], 0.85418], [[4, 0, 17, 9], 0.86085], [[3, 0, 17, 10], 0.86961], [[2, 0, 17, 11], 0.87763], [[1, 0, 17, 12], 0.8818], [[0, 0, 17, 13], 0.90455]], "phi_coefficient": 1, "present_in_test_data": true, "ks_statistic": [1, 0.11438], "f_measure": 1, "accuracy": 1}, {"lift_curve": [[0, 0, 0.83338], [0.03333, 3.75, 0.77428], [0.06667, 3.75, 0.71047], [0.1, 3.75, 0.6854], [0.13333, 3.75, 0.66214], [0.16667, 3.75, 0.63646], [0.2, 3.75, 0.60781], [0.23333, 3.75, 0.54122], [0.26667, 3.75, 0.45187], [0.3, 3.33333, 0.44139], [0.33333, 3, 0.36084], [0.36667, 2.72727, 0.34811], [0.4, 2.5, 0.30259], [0.43333, 2.30769, 0.28028], [0.46667, 2.14286, 0.25092], [0.5, 2, 0.24709], [0.53333, 1.875, 0.20652], [0.56667, 1.76471, 0.20213], [0.6, 1.66667, 0.20107], [0.63333, 1.57895, 0.18936], [0.66667, 1.5, 0.18719], [0.7, 1.42857, 0.1811], [0.73333, 1.36364, 0.17802], [0.76667, 1.30435, 0.16231], [0.8, 1.25, 0.1458], [0.83333, 1.2, 0.13914], [0.86667, 1.15385, 0.13037], [0.9, 1.11111, 0.12234], [0.93333, 1.07143, 0.11814], [0.96667, 1.03448, 0.09544], [1, 1, null]], "negative_cdf": [[0, 0, 0.83338], [0.03333, 0, 0.77428], [0.06667, 0, 0.71047], [0.1, 0, 0.6854], [0.13333, 0, 0.66214], [0.16667, 0, 0.63646], [0.2, 0, 0.60781], [0.23333, 0, 0.54122], [0.26667, 0, 0.45187], [0.3, 0.04545, 0.44139], [0.33333, 0.09091, 0.36084], [0.36667, 0.13636, 0.34811], [0.4, 0.18182, 0.30259], [0.43333, 0.22727, 0.28028], [0.46667, 0.27273, 0.25092], [0.5, 0.31818, 0.24709], [0.53333, 0.36364, 0.20652], [0.56667, 0.40909, 0.20213], [0.6, 0.45455, 0.20107], [0.63333, 0.5, 0.18936], [0.66667, 0.54545, 0.18719], [0.7, 0.59091, 0.1811], [0.73333, 0.63636, 0.17802], [0.76667, 0.68182, 0.16231], [0.8, 0.72727, 0.1458], [0.83333, 0.77273, 0.13914], [0.86667, 0.81818, 0.13037], [0.9, 0.86364, 0.12234], [0.93333, 0.90909, 0.11814], [0.96667, 0.95455, 0.09544], [1, 1, null]], "balanced_accuracy": 1, "class_name": "Iris-versicolor", "recall": 1, "pr_curve": [[0, 1, 0.83338], [0.125, 1, 0.77428], [0.25, 1, 0.71047], [0.375, 1, 0.6854], [0.5, 1, 0.66214], [0.625, 1, 0.63646], [0.75, 1, 0.60781], [0.875, 1, 0.54122], [1, 1, 0.45187], [1, 0.88889, 0.44139], [1, 0.8, 0.36084], [1, 0.72727, 0.34811], [1, 0.66667, 0.30259], [1, 0.61538, 0.28028], [1, 0.57143, 0.25092], [1, 0.53333, 0.24709], [1, 0.5, 0.20652], [1, 0.47059, 0.20213], [1, 0.44444, 0.20107], [1, 0.42105, 0.18936], [1, 0.4, 0.18719], [1, 0.38095, 0.1811], [1, 0.36364, 0.17802], [1, 0.34783, 0.16231], [1, 0.33333, 0.1458], [1, 0.32, 0.13914], [1, 0.30769, 0.13037], [1, 0.2963, 0.12234], [1, 0.28571, 0.11814], [1, 0.27586, 0.09544], [1, 0.26667, null]], "precision": 1, "max_phi": [1, 0.45187],