{"model": {"average_phi": 1, "average_kendalls_tau_b": 0.79305, "average_balanced_accuracy": 1, "average_recall": 1, "average_spearmans_rho": 0.85659, "per_class_statistics": [{"lift_curve": [[0, 0, 0.9818], [0.33333, 3, 0.15417], [0.35333, 2.83019, 0.10278], [0.4, 2.5, 0.00856], [0.68667, 1.45631, 0.00771], [1, 1, null]], "negative_cdf": [[0, 0, 0.9818], [0.33333, 0, 0.15417], [0.35333, 0.03, 0.10278], [0.4, 0.1, 0.00856], [0.68667, 0.53, 0.00771], [1, 1, null]], "balanced_accuracy": 1, "class_name": "Iris-setosa", "recall": 1, "pr_curve": [[0, 1, 0.9818], [1, 1, 0.15417], [1, 0.9434, 0.10278], [1, 0.83333, 0.00856], [1, 0.48544, 0.00771], [1, 0.33333, null]], "precision": 1, "max_phi": [1, 0.15417], "gain_curve": [[0, 0, 0.9818], [0.33333, 1, 0.15417], [0.35333, 1, 0.10278], [0.4, 1, 0.00856], [0.68667, 1, 0.00771], [1, 1, null]], "area_under_roc_curve": 1, "spearmans_rho": 0.85661, "kendalls_tau_b": 0.79345, "roc_curve": [[0, 0, 0.9818], [0, 1, 0.15417], [0.03, 1, 0.10278], [0.1, 1, 0.00856], [0.53, 1, 0.00771], [1, 1, null]], "area_under_pr_curve": 1, "per_threshold_confusion_matrices": [[[50, 100, 0, 0], null], [[50, 53, 47, 0], 0.00771], [[50, 10, 90, 0], 0.00856], [[50, 3, 97, 0], 0.10278], [[50, 0, 100, 0], 0.15417], [[0, 0, 100, 50], 0.9818]], "phi_coefficient": 1, "present_in_test_data": true, "ks_statistic": [1, 0.15417], "f_measure": 1, "accuracy": 1}, {"lift_curve": [[0, 0, 0.98375], [0.31333, 3, 0.78333], [0.32667, 3, 0.675], [0.33333, 3, 0.175], [0.34667, 2.88462, 0.11667], [0.38, 2.63158, 0.00972], [0.66667, 1.5, 0.00921], [1, 1, null]], "negative_cdf": [[0, 0, 0.98375], [0.31333, 0, 0.78333], [0.32667, 0, 0.675], [0.33333, 0, 0.175], [0.34667, 0.02, 0.11667], [0.38, 0.07, 0.00972], [0.66667, 0.5, 0.00921], [1, 1, null]], "balanced_accuracy": 1, "class_name": "Iris-versicolor", "recall": 1, "pr_curve": [[0, 1, 0.98375], [0.94, 1, 0.78333], [0.98, 1, 0.675], [1, 1, 0.175], [1, 0.96154, 0.11667], [1, 0.87719, 0.00972], [1, 0.5, 0.00921], [1, 0.33333, null]], "precision": 1, "max_phi": [1, 0.175], "gain_curve": [[0, 0, 0.98375], [0.31333, 0.94, 0.78333], [0.32667, 0.98, 0.675], [0.33333, 1, 0.175], [0.34667, 1, 0.11667], [0.38, 1, 0.00972], [0.66667, 1, 0.00921], [1, 1, null]], "area_under_roc_curve": 1, "spearmans_rho": 0.85658, "kendalls_tau_b": 0.79285, "roc_curve": [[0, 0, 0.98375], [0, 0.94, 0.78333], [0, 0.98, 0.675], [0, 1, 0.175], [0.02, 1, 0.11667], [0.07, 1, 0.00972], [0.5, 1, 0.00921], [1, 1, null]], "area_under_pr_curve": 1, "per_threshold_confusion_matrices": [[[50, 100, 0, 0], null], [[50, 50, 50, 0], 0.00921], [[50, 7, 93, 0], 0.00972], [[50, 2, 98, 0], 0.11667], [[50, 0, 100, 0], 0.175], [[49, 0, 100, 1], 0.675], [[47, 0, 100, 3], 0.78333], [[0, 0, 100, 50], 0.98375]], "phi_coefficient": 1, "present_in_test_data": true, "ks_statistic": [1, 0.175], "f_measure": 1, "accuracy": 1}, {"lift_curve": [[0, 0, 0.98171], [0.28667, 3, 0.78056], [0.32, 3, 0.67083], [0.33333, 3, 0.17083], [0.34, 2.94118, 0.11389], [0.35333, 2.83019, 0.00899], [0.68667, 1.45631, 0.00854], [1, 1, null]], "negative_cdf": [[0, 0, 0.98171], [0.28667, 0, 0.78056], [0.32, 0, 0.67083], [0.33333, 0, 0.17083], [0.34, 0.01, 0.11389], [0.35333, 0.03, 0.00899], [0.68667, 0.53, 0.00854], [1, 1, null]], "balanced_accuracy": 1, "class_name": "Iris-virginica", "recall": 1, "pr_curve": [[0, 1, 0.98171], [0.86, 1, 0.78056], [0.96, 1, 0.67083], [1, 1, 0.17083], [1, 0.98039, 0.11389], [1, 0.9434, 0.00899], [1, 0.48544, 0.00854], [1, 0.33333, null]], "precision": 1, "max_phi": [1, 0.17083], "gain_curve": [[0, 0, 0.98171], [0.28667, 0.86, 0.78056], [0.32, 0.96, 0.67083], [0.33333, 1, 0.17083], [0.34, 1, 0.11389], [0.35333, 1, 0.00899], [0.68667, 1, 0.00854], [1, 1, null]], "area_under_roc_curve": 1, "spearmans_rho": 0.85658, "kendalls_tau_b": 0.79285, "roc_curve": [[0, 0, 0.98171], [0, 0.86, 0.78056], [0, 0.96, 0.67083], [0, 1, 0.17083], [0.01, 1, 0.11389], [0.03, 1, 0.00899], [0.53, 1, 0.00854], [1, 1, null]], "area_under_pr_curve": 1, "per_threshold_confusion_matrices": [[[50, 100, 0, 0], null], [[50, 53, 47, 0], 0.00854], [[50, 3, 97, 0], 0.00899], [[50, 1, 99, 0], 0.11389], [[50, 0, 100, 0], 0.17083], [[48, 0, 100, 2], 0.67083], [[43, 0, 100, 7], 0.78056], [[0, 0, 100, 50], 0.98171]], "phi_coefficient": 1, "present_in_test_data": true, "ks_statistic": [1, 0.17083], "f_measure": 1, "accuracy": 1}], "average_f_measure": 1, "average_max_phi": 1, "average_area_under_roc_curve": 1, "average_area_under_pr_curve": 1, "average_precision": 1, "confusion_matrix": [[50, 0, 0], [0, 50, 0], [0, 0, 50]], "average_ks_statistic": 1, "accuracy": 1}, "random": {"average_phi": -0.00033, "average_kendalls_tau_b": 0, "average_balanced_accuracy": 0.5, "average_recall": 0.33333, "average_spearmans_rho": 0, "per_class_statistics": [{"balanced_accuracy": 0.49, "class_name": "Iris-setosa", "recall": 0.34, "precision": 0.32075, "phi_coefficient": -0.01972, "present_in_test_data": true, "f_measure": 0.3301, "accuracy": 0.54}, {"balanced_accuracy": 0.52, "class_name": "Iris-versicolor", "recall": 0.38, "precision": 0.35849, "phi_coefficient": 0.03945, "present_in_test_data": true, "f_measure": 0.36893, "accuracy": 0.56667}, {"balanced_accuracy": 0.49, "class_name": "Iris-virginica", "recall": 0.28, "precision": 0.31818, "phi_coefficient": -0.02071, "present_in_test_data": true, "f_measure": 0.29787, "accuracy": 0.56}], "average_f_measure": 0.3323, "average_max_phi": 0, "average_area_under_roc_curve": 0, "average_area_under_pr_curve": 0, "average_precision": 0.33248, "confusion_matrix": [[17, 17, 16], [17, 19, 14], [19, 17, 14]], "average_ks_statistic": 0, "accuracy": 0.33333}, "mode": {"average_phi": 0, "average_kendalls_tau_b": 0, "average_balanced_accuracy": 0.5, "average_recall": 0.33333, "average_spearmans_rho": 0, "per_class_statistics": [{"balanced_accuracy": 0.5, "class_name": "Iris-setosa", "recall": 1, "precision": 0.33333, "phi_coefficient": 0, "present_in_test_data": true, "f_measure": 0.5, "accuracy": 0.33333}, {"balanced_accuracy": 0.5, "class_name": "Iris-versicolor", "recall": 0, "precision": 0, "phi_coefficient": 0, "present_in_test_data": true, "f_measure": 0, "accuracy": 0.66667}, {"balanced_accuracy": 0.5, "class_name": "Iris-virginica", "recall": 0, "precision": 0, "phi_coefficient": 0, "present_in_test_data": true, "f_measure": 0, "accuracy": 0.66667}], "average_f_measure": 0.16667, "average_max_phi": 0, "average_area_under_roc_curve": 0, "average_area_under_pr_curve": 0, "average_precision": 0.11111, "confusion_matrix": [[50, 0, 0], [50, 0, 0], [50, 0, 0]], "average_ks_statistic": 0, "accuracy": 0.33333}, "class_names": ["Iris-setosa", "Iris-versicolor", "Iris-virginica"]}