{"model": {"average_phi": 0.9202600000000001, "average_f_measure_standard_deviation": 0.013335000000000041, "average_recall_standard_deviation": 0.013334999999999986, "average_recall": 0.946665, "average_precision_standard_deviation": 0.013355000000000006, "per_class_statistics": [{"accuracy_standard_deviation": 0.0, "class_name": "Iris-setosa", "average_accuracy": 1.0, "occurrences": 2, "average_phi_coefficient": 1.0, "one_point_auc_standard_deviation": 0.0, "precision_standard_deviation": 0.0, "phi_coefficient_standard_deviation": 0.0, "average_f_measure": 1.0, "average_precision": 1.0, "present_in_test_data": true, "f_measure_standard_deviation": 0.0, "recall_standard_deviation": 0.0, "average_recall": 1.0, "average_one_point_auc": 1.0}, {"accuracy_standard_deviation": 0.013333333333333308, "class_name": "Iris-versicolor", "average_accuracy": 0.9466666666666667, "occurrences": 2, "average_phi_coefficient": 0.8815770975722392, "one_point_auc_standard_deviation": 0.015000000000000013, "precision_standard_deviation": 0.019230769230769273, "phi_coefficient_standard_deviation": 0.029716081940637296, "average_f_measure": 0.9215686274509804, "average_precision": 0.9038461538461539, "present_in_test_data": true, "f_measure_standard_deviation": 0.019607843137254832, "recall_standard_deviation": 0.019999999999999962, "average_recall": 0.94, "average_one_point_auc": 0.945}, {"accuracy_standard_deviation": 0.013333333333333308, "class_name": "Iris-virginica", "average_accuracy": 0.9466666666666667, "occurrences": 2, "average_phi_coefficient": 0.8791916407567071, "one_point_auc_standard_deviation": 0.015000000000000013, "precision_standard_deviation": 0.02083333333333337, "phi_coefficient_standard_deviation": 0.030316953129541635, "average_f_measure": 0.9183673469387755, "average_precision": 0.9375, "present_in_test_data": true, "f_measure_standard_deviation": 0.020408163265306145, "recall_standard_deviation": 0.020000000000000018, "average_recall": 0.9, "average_one_point_auc": 0.9349999999999999}], "average_f_measure": 0.946645, "average_accuracy": 0.946665, "accuracy_standard_deviation": 0.013334999999999986, "average_phi_standard_deviation": 0.020010000000000028, "average_one_point_auc_standard_deviation": 0.010000000000000009, "confusion_matrix": [[50, 0, 0], [0, 47, 3], [0, 5, 45]], "average_precision": 0.947115, "average_one_point_auc": 0.96}, "random": {"average_phi": 0.047275, "average_f_measure_standard_deviation": 0.01171999999999998, "average_recall_standard_deviation": 0.006665000000000004, "average_recall": 0.366665, "average_precision_standard_deviation": 0.015199999999999991, "per_class_statistics": [{"accuracy_standard_deviation": 0.0, "class_name": "Iris-setosa", "average_accuracy": 0.6133333333333333, "occurrences": 2, "average_phi_coefficient": 0.12110723493831503, "one_point_auc_standard_deviation": 0.009999999999999953, "precision_standard_deviation": 0.006993006993006978, "phi_coefficient_standard_deviation": 0.017567814117992256, "average_f_measure": 0.4071756362119316, "average_precision": 0.4160839160839161, "present_in_test_data": true, "f_measure_standard_deviation": 0.02419691280767622, "recall_standard_deviation": 0.04000000000000001, "average_recall": 0.4, "average_one_point_auc": 0.56}, {"accuracy_standard_deviation": 0.019999999999999962, "class_name": "Iris-versicolor", "average_accuracy": 0.5533333333333332, "occurrences": 2, "average_phi_coefficient": -0.05600335760188306, "one_point_auc_standard_deviation": 0.035, "precision_standard_deviation": 0.06280193236714976, "phi_coefficient_standard_deviation": 0.07644987810462132, "average_f_measure": 0.2596899224806202, "average_precision": 0.28502415458937197, "present_in_test_data": true, "f_measure_standard_deviation": 0.07364341085271317, "recall_standard_deviation": 0.08, "average_recall": 0.24, "average_one_point_auc": 0.475}, {"accuracy_standard_deviation": 0.006666666666666599, "class_name": "Iris-virginica", "average_accuracy": 0.5666666666666667, "occurrences": 2, "average_phi_coefficient": 0.07673248727619901, "one_point_auc_standard_deviation": 0.010000000000000009, "precision_standard_deviation": 0.010215053763440868, "phi_coefficient_standard_deviation": 0.018997460357236432, "average_f_measure": 0.41428571428571426, "average_precision": 0.3768817204301075, "present_in_test_data": true, "f_measure_standard_deviation": 0.014285714285714263, "recall_standard_deviation": 0.01999999999999999, "average_recall": 0.45999999999999996, "average_one_point_auc": 0.54}], "average_f_measure": 0.36038000000000003, "average_accuracy": 0.366665, "accuracy_standard_deviation": 0.006665000000000004, "average_phi_standard_deviation": 0.013294999999999998, "average_one_point_auc_standard_deviation": 0.0050000000000000044, "confusion_matrix": [[20, 12, 18], [18, 12, 20], [10, 17, 23]], "average_precision": 0.35933, "average_one_point_auc": 0.525}, "mode": {"average_phi": 0.0, "average_f_measure_standard_deviation": 0.0, "average_recall_standard_deviation": 0.0, "average_recall": 0.33333, "average_precision_standard_deviation": 0.0, "per_class_statistics": [{"accuracy_standard_deviation": 0.0, "class_name": "Iris-setosa", "average_accuracy": 0.3333333333333333, "occurrences": 2, "average_phi_coefficient": 0.0, "one_point_auc_standard_deviation": 0.0, "precision_standard_deviation": 0.0, "phi_coefficient_standard_deviation": 0.0, "average_f_measure": 0.5, "average_precision": 0.3333333333333333, "present_in_test_data": true, "f_measure_standard_deviation": 0.0, "recall_standard_deviation": 0.0, "average_recall": 1.0, "average_one_point_auc": 0.5}, {"accuracy_standard_deviation": 0.0, "class_name": "Iris-versicolor", "average_accuracy": 0.6666666666666667, "occurrences": 2, "average_phi_coefficient": 0.0, "one_point_auc_standard_deviation": 0.0, "precision_standard_deviation": 0.0, "phi_coefficient_standard_deviation": 0.0, "average_f_measure": 0.0, "average_precision": 0.0, "present_in_test_data": true, "f_measure_standard_deviation": 0.0, "recall_standard_deviation": 0.0, "average_recall": 0.0, "average_one_point_auc": 0.5}, {"accuracy_standard_deviation": 0.0, "class_name": "Iris-virginica", "average_accuracy": 0.6666666666666667, "occurrences": 2, "average_phi_coefficient": 0.0, "one_point_auc_standard_deviation": 0.0, "precision_standard_deviation": 0.0, "phi_coefficient_standard_deviation": 0.0, "average_f_measure": 0.0, "average_precision": 0.0, "present_in_test_data": true, "f_measure_standard_deviation": 0.0, "recall_standard_deviation": 0.0, "average_recall": 0.0, "average_one_point_auc": 0.5}], "average_f_measure": 0.16667, "average_accuracy": 0.33333, "accuracy_standard_deviation": 0.0, "average_phi_standard_deviation": 0.0, "average_one_point_auc_standard_deviation": 0.0, "confusion_matrix": [[50, 0, 0], [50, 0, 0], [50, 0, 0]], "average_precision": 0.11111, "average_one_point_auc": 0.5}, "class_names": ["Iris-virginica", "Iris-setosa", "Iris-versicolor"]}