{"class_names": ["Iris-setosa", "Iris-versicolor", "Iris-virginica"], "mode": {"accuracy": 0.43333, "average_area_under_pr_curve": 0, "average_area_under_roc_curve": 0, "average_balanced_accuracy": 0.5, "average_f_measure": 0.20155, "average_kendalls_tau_b": 0, "average_ks_statistic": 0, "average_max_phi": 0, "average_phi": 0, "average_precision": 0.14444, "average_recall": 0.33333, "average_spearmans_rho": 0, "confusion_matrix": [[13, 0, 0], [8, 0, 0], [9, 0, 0]], "per_class_statistics": [{"accuracy": 0.43333, "balanced_accuracy": 0.5, "class_name": "Iris-setosa", "f_measure": 0.60465, "phi_coefficient": 0, "precision": 0.43333, "present_in_test_data": true, "recall": 1}, {"accuracy": 0.73333, "balanced_accuracy": 0.5, "class_name": "Iris-versicolor", "f_measure": 0, "phi_coefficient": 0, "precision": 0, "present_in_test_data": true, "recall": 0}, {"accuracy": 0.7, "balanced_accuracy": 0.5, "class_name": "Iris-virginica", "f_measure": 0, "phi_coefficient": 0, "precision": 0, "present_in_test_data": true, "recall": 0}]}, "model": {"accuracy": 1, "average_area_under_pr_curve": 1, "average_area_under_roc_curve": 1, "average_balanced_accuracy": 1, "average_f_measure": 1, "average_kendalls_tau_b": 0.71889, "average_ks_statistic": 1, "average_max_phi": 1, "average_phi": 1, "average_precision": 1, "average_recall": 1, "average_spearmans_rho": 0.82438, "confusion_matrix": [[13, 0, 0], [0, 8, 0], [0, 0, 9]], "per_class_statistics": [{"accuracy": 1, "area_under_pr_curve": 1, "area_under_roc_curve": 1, "balanced_accuracy": 1, "class_name": "Iris-setosa", "f_measure": 1, "gain_curve": [[0, 0, 0.99346], [0.13333, 0.30769, 0.99346], [0.33333, 0.76923, 0.99345], [0.43333, 1, 0.04167], [0.46667, 1, 0.00432], [0.5, 1, 0.00379], [0.76667, 1, 0.00356], [0.8, 1, 0.0035], [0.83333, 1, 0.00349], [0.86667, 1, 0.00348], [0.96667, 1, 0.00347], [1, 1, null]], "kendalls_tau_b": 0.76261, "ks_statistic": [1, 0.04167], "lift_curve": [[0, 0, 0.99346], [0.13333, 2.30769, 0.99346], [0.33333, 2.30769, 0.99345], [0.43333, 2.30769, 0.04167], [0.46667, 2.14286, 0.00432], [0.5, 2, 0.00379], [0.76667, 1.30435, 0.00356], [0.8, 1.25, 0.0035], [0.83333, 1.2, 0.00349], [0.86667, 1.15385, 0.00348], [0.96667, 1.03448, 0.00347], [1, 1, null]], "max_phi": [1, 0.04167], "negative_cdf": [[0, 0, 0.99346], [0.13333, 0, 0.99346], [0.33333, 0, 0.99345], [0.43333, 0, 0.04167], [0.46667, 0.05882, 0.00432], [0.5, 0.11765, 0.00379], [0.76667, 0.58824, 0.00356], [0.8, 0.64706, 0.0035], [0.83333, 0.70588, 0.00349], [0.86667, 0.76471, 0.00348], [0.96667, 0.94118, 0.00347], [1, 1, null]], "per_threshold_confusion_matrices": [[[13, 17, 0, 0], null], [[13, 16, 1, 0], 0.00347], [[13, 13, 4, 0], 0.00348], [[13, 12, 5, 0], 0.00349], [[13, 11, 6, 0], 0.0035], [[13, 10, 7, 0], 0.00356], [[13, 2, 15, 0], 0.00379], [[13, 1, 16, 0], 0.00432], [[13, 0, 17, 0], 0.04167], [[10, 0, 17, 3], 0.99345], [[4, 0, 17, 9], 0.99346], [[0, 0, 17, 13], 0.99346]], "phi_coefficient": 1, "pr_curve": [[0, 1, 0.99346], [0.30769, 1, 0.99346], [0.76923, 1, 0.99345], [1, 1, 0.04167], [1, 0.92857, 0.00432], [1, 0.86667, 0.00379], [1, 0.56522, 0.00356], [1, 0.54167, 0.0035], [1, 0.52, 0.00349], [1, 0.5, 0.00348], [1, 0.44828, 0.00347], [1, 0.43333, null]], "precision": 1, "present_in_test_data": true, "recall": 1, "roc_curve": [[0, 0, 0.99346], [0, 0.30769, 0.99346], [0, 0.76923, 0.99345], [0, 1, 0.04167], [0.05882, 1, 0.00432], [0.11765, 1, 0.00379], [0.58824, 1, 0.00356], [0.64706, 1, 0.0035], [0.70588, 1, 0.00349], [0.76471, 1, 0.00348], [0.94118, 1, 0.00347], [1, 1, null]], "spearmans_rho": 0.87216}, {"accuracy": 1, "area_under_pr_curve": 1, "area_under_roc_curve": 1, "balanced_accuracy": 1, "class_name": "Iris-versicolor", "f_measure": 1, "gain_curve": [[0, 0, 0.99305], [0.03333, 0.125, 0.99303], [0.06667, 0.25, 0.99295], [0.1, 0.375, 0.9928], [0.13333, 0.5, 0.99244], [0.16667, 0.625, 0.99207], [0.2, 0.75, 0.9915], [0.23333, 0.875, 0.94401], [0.26667, 1, 0.06915], [0.3, 1, 0.01385], [0.33333, 1, 0.01097], [0.36667, 1, 0.00617], [0.4, 1, 0.00413], [0.43333, 1, 0.00379], [0.56667, 1, 0.00328], [0.66667, 1, 0.00328], [0.86667, 1, 0.00327], [1, 1, null]], "kendalls_tau_b": 0.65922, "ks_statistic": [1, 0.06915], "lift_curve": [[0, 0, 0.99305], [0.03333, 3.75, 0.99303], [0.06667, 3.75, 0.99295], [0.1, 3.75, 0.9928], [0.13333, 3.75, 0.99244], [0.16667, 3.75, 0.99207], [0.2, 3.75, 0.9915], [0.23333, 3.75, 0.94401], [0.26667, 3.75, 0.06915], [0.3, 3.33333, 0.01385], [0.33333, 3, 0.01097], [0.36667, 2.72727, 0.00617], [0.4, 2.5, 0.00413], [0.43333, 2.30769, 0.00379], [0.56667, 1.76471, 0.00328], [0.66667, 1.5, 0.00328], [0.86667, 1.15385, 0.00327], [1, 1, null]], "max_phi": [1, 0.06915], "negative_cdf": [[0, 0, 0.99305], [0.03333, 0, 0.99303], [0.06667, 0, 0.99295], [0.1, 0, 0.9928], [0.13333, 0, 0.99244], [0.16667, 0, 0.99207], [0.2, 0, 0.9915], [0.23333, 0, 0.94401], [0.26667, 0, 0.06915], [0.3, 0.04545, 0.01385], [0.33333, 0.09091, 0.01097], [0.36667, 0.13636, 0.00617], [0.4, 0.18182, 0.00413], [0.43333, 0.22727, 0.00379], [0.56667, 0.40909, 0.00328], [0.66667, 0.54545, 0.00328], [0.86667, 0.81818, 0.00327], [1, 1, null]], "per_threshold_confusion_matrices": [[[8, 22, 0, 0], null], [[8, 18, 4, 0], 0.00327], [[8, 12, 10, 0], 0.00328], [[8, 9, 13, 0], 0.00328], [[8, 5, 17, 0], 0.00379], [[8, 4, 18, 0], 0.00413], [[8, 3, 19, 0], 0.00617], [[8, 2, 20, 0], 0.01097], [[8, 1, 21, 0], 0.01385], [[8, 0, 22, 0], 0.06915], [[7, 0, 22, 1], 0.94401], [[6, 0, 22, 2], 0.9915], [[5, 0, 22, 3], 0.99207], [[4, 0, 22, 4], 0.99244], [[3, 0, 22, 5], 0.9928], [[2, 0, 22, 6], 0.99295], [[1, 0, 22, 7], 0.99303], [[0, 0, 22, 8], 0.99305]], "phi_coefficient": 1, "pr_curve": [[0, 1, 0.99305], [0.125, 1, 0.99303], [0.25, 1, 0.99295], [0.375, 1, 0.9928], [0.5, 1, 0.99244], [0.625, 1, 0.99207], [0.75, 1, 0.9915], [0.875, 1, 0.94401], [1, 1, 0.06915], [1, 0.88889, 0.01385], [1, 0.8, 0.01097], [1, 0.72727, 0.00617], [1, 0.66667, 0.00413], [1, 0.61538, 0.00379], [1, 0.47059, 0.00328], [1, 0.4, 0.00328], [1, 0.30769, 0.00327], [1, 0.26667, null]], "precision": 1, "present_in_test_data": true, "recall": 1, "roc_curve": [[0, 0, 0.99305], [0, 0.125, 0.99303], [0, 0.25, 0.99295], [0, 0.375, 0.9928], [0, 0.5, 0.99244], [0, 0.625, 0.99207], [0, 0.75, 0.9915], [0, 0.875, 0.94401], [0, 1, 0.06915], [0.04545, 1, 0.01385], [0.09091, 1, 0.01097], [0.13636, 1, 0.00617], [0.18182, 1, 0.00413], [0.22727, 1, 0.00379], [0.40909, 1, 0.00328], [0.54545, 1, 0.00328], [0.81818, 1, 0.00327], [1, 1, null]], "spearmans_rho": 0.77145}, {"accuracy": 1, "area_under_pr_curve": 1, "area_under_roc_curve": 1, "balanced_accuracy": 1, "class_name": "Iris-virginica", "f_measure": 1, "gain_curve": [[0, 0, 0.99242], [0.13333, 0.44444, 0.99208], [0.16667, 0.55556, 0.99004], [0.2, 0.66667, 0.98524], [0.23333, 0.77778, 0.98236], [0.26667, 0.88889, 0.88919], [0.3, 1, 0.05252], [0.33333, 1, 0.00502], [0.36667, 1, 0.00409], [0.4, 1, 0.0037], [0.43333, 1, 0.00361], [0.46667, 1, 0.0035], [0.5, 1, 0.00348], [0.56667, 1, 0.00327], [1, 1, null]], "kendalls_tau_b": 0.73485, "ks_statistic": [1, 0.05252], "lift_curve": [[0, 0, 0.99242], [0.13333, 3.33333, 0.99208], [0.16667, 3.33333, 0.99004], [0.2, 3.33333, 0.98524], [0.23333, 3.33333, 0.98236], [0.26667, 3.33333, 0.88919], [0.3, 3.33333, 0.05252], [0.33333, 3, 0.00502], [0.36667, 2.72727, 0.00409], [0.4, 2.5, 0.0037], [0.43333, 2.30769, 0.00361], [0.46667, 2.14286, 0.0035], [0.5, 2, 0.00348], [0.56667, 1.76471, 0.00327], [1, 1, null]], "max_phi": [1, 0.05252], "negative_cdf": [[0, 0, 0.99242], [0.13333, 0, 0.99208], [0.16667, 0, 0.99004], [0.2, 0, 0.98524], [0.23333, 0, 0.98236], [0.26667, 0, 0.88919], [0.3, 0, 0.05252], [0.33333, 0.04762, 0.00502], [0.36667, 0.09524, 0.00409], [0.4, 0.14286, 0.0037], [0.43333, 0.19048, 0.00361], [0.46667, 0.2381, 0.0035], [0.5, 0.28571, 0.00348], [0.56667, 0.38095, 0.00327], [1, 1, null]],