{"model": {"average_ks_statistic_standard_deviation": 0.29358002814655254, "accuracy_standard_deviation": 0.1646818275168384, "average_spearmans_rho": 0.2384457142857143, "average_accuracy": 0.70476, "average_area_under_roc_curve": 0.6284542857142856, "average_phi_standard_deviation": 0.3376107543081082, "confusion_matrix": [[120, 30], [32, 28]], "average_kendalls_tau_b_standard_deviation": 0.291618115692424, "average_balanced_accuracy": 0.6084071428571428, "average_max_phi_standard_deviation": 0.27486054187087494, "average_area_under_roc_curve_standard_deviation": 0.18653474382286325, "average_ks_statistic": 0.3638514285714285, "average_area_under_pr_curve": 0.6567814285714285, "average_spearmans_rho_standard_deviation": 0.3177741720088629, "average_balanced_accuracy_standard_deviation": 0.17464264032706378, "average_f_measure_standard_deviation": 0.15480844243444733, "average_phi": 0.22234428571428572, "average_f_measure": 0.5933071428571428, "average_precision_standard_deviation": 0.17685632124203335, "average_precision": 0.6198328571428572, "per_class_statistics": [{"accuracy_standard_deviation": 0.1646818275168384, "average_spearmans_rho": 0.2384457142857143, "class_name": "0", "area_under_roc_curve_standard_deviation": 0.18653474382286325, "average_accuracy": 0.70476, "average_area_under_roc_curve": 0.6284542857142856, "occurrences": 7, "average_phi_coefficient": 0.22234428571428572, "average_balanced_accuracy": 0.6084071428571428, "precision_standard_deviation": 0.15646887577315266, "area_under_pr_curve_standard_deviation": 0.13107212188216788, "average_area_under_pr_curve": 0.8250928571428572, "present_in_test_data": true, "average_f_measure": 0.7811142857142859, "balanced_accuracy_standard_deviation": 0.17464264032706378, "spearmans_rho_standard_deviation": 0.3177741720088629, "average_precision": 0.78672, "phi_coefficient_standard_deviation": 0.3376107543081082, "average_kendalls_tau_b": 0.21913, "f_measure_standard_deviation": 0.13107385430219354, "recall_standard_deviation": 0.15299485037352184, "kendalls_tau_b_standard_deviation": 0.291618115692424, "average_recall": 0.7896514285714284}, {"accuracy_standard_deviation": 0.1646818275168384, "average_spearmans_rho": 0.2384457142857143, "class_name": "1", "area_under_roc_curve_standard_deviation": 0.18653474382286325, "average_accuracy": 0.70476, "average_area_under_roc_curve": 0.6284542857142856, "occurrences": 7, "average_phi_coefficient": 0.22234428571428572, "average_balanced_accuracy": 0.6084071428571428, "precision_standard_deviation": 0.31415860187920036, "area_under_pr_curve_standard_deviation": 0.29152969771359416, "average_area_under_pr_curve": 0.4884671428571429, "present_in_test_data": true, "average_f_measure": 0.40549999999999997, "balanced_accuracy_standard_deviation": 0.17464264032706378, "spearmans_rho_standard_deviation": 0.3177741720088629, "average_precision": 0.4529471428571428, "phi_coefficient_standard_deviation": 0.3376107543081082, "average_kendalls_tau_b": 0.21913, "f_measure_standard_deviation": 0.2607842723675753, "recall_standard_deviation": 0.3351121692745854, "kendalls_tau_b_standard_deviation": 0.291618115692424, "average_recall": 0.4271642857142857}], "average_kendalls_tau_b": 0.21913, "average_recall": 0.6084071428571428, "average_area_under_pr_curve_standard_deviation": 0.17228427690705778, "average_recall_standard_deviation": 0.17464264032706378, "average_max_phi": 0.37037714285714285}, "random": {"average_ks_statistic_standard_deviation": 0.0, "accuracy_standard_deviation": 0.09233614528737169, "average_spearmans_rho": 0.0, "average_accuracy": 0.5476185714285715, "average_area_under_roc_curve": 0.0, "average_phi_standard_deviation": 0.13146424928784375, "confusion_matrix": [[88, 62], [33, 27]], "average_kendalls_tau_b_standard_deviation": 0.0, "average_balanced_accuracy": 0.5467442857142857, "average_max_phi_standard_deviation": 0.0, "average_area_under_roc_curve_standard_deviation": 0.0, "average_ks_statistic": 0.0, "average_area_under_pr_curve": 0.0, "average_spearmans_rho_standard_deviation": 0.0, "average_balanced_accuracy_standard_deviation": 0.135416808500606, "average_f_measure_standard_deviation": 0.04607296812488569, "average_phi": 0.030998571428571434, "average_f_measure": 0.49015285714285717, "average_precision_standard_deviation": 0.04490524268287795, "average_precision": 0.5033828571428572, "per_class_statistics": [{"accuracy_standard_deviation": 0.09233614528737169, "class_name": "0", "average_accuracy": 0.5476185714285715, "occurrences": 7, "average_phi_coefficient": 0.030998571428571434, "average_balanced_accuracy": 0.5467442857142857, "precision_standard_deviation": 0.13703562821397944, "phi_coefficient_standard_deviation": 0.13146424928784375, "average_f_measure": 0.6349571428571428, "average_precision": 0.71224, "present_in_test_data": true, "balanced_accuracy_standard_deviation": 0.135416808500606, "f_measure_standard_deviation": 0.1107110570957811, "recall_standard_deviation": 0.10050669996958168, "average_recall": 0.5763142857142858}, {"accuracy_standard_deviation": 0.09233614528737169, "class_name": "1", "average_accuracy": 0.5476185714285715, "occurrences": 7, "average_phi_coefficient": 0.030998571428571434, "average_balanced_accuracy": 0.5467442857142857, "precision_standard_deviation": 0.10088305007203507, "phi_coefficient_standard_deviation": 0.13146424928784375, "average_f_measure": 0.34534714285714285, "average_precision": 0.29452285714285714, "present_in_test_data": true, "balanced_accuracy_standard_deviation": 0.135416808500606, "f_measure_standard_deviation": 0.08230549186923515, "recall_standard_deviation": 0.20344783787175982, "average_recall": 0.5171771428571429}], "average_kendalls_tau_b": 0.0, "average_recall": 0.5467442857142857, "average_area_under_pr_curve_standard_deviation": 0.0, "average_recall_standard_deviation": 0.135416808500606, "average_max_phi": 0.0}, "mode": {"average_ks_statistic_standard_deviation": 0.0, "accuracy_standard_deviation": 0.11664400172651619, "average_spearmans_rho": 0.0, "average_accuracy": 0.7142857142857144, "average_area_under_roc_curve": 0.0, "average_phi_standard_deviation": 0.0, "confusion_matrix": [[150, 0], [60, 0]], "average_kendalls_tau_b_standard_deviation": 0.0, "average_balanced_accuracy": 0.4999999999999999, "average_max_phi_standard_deviation": 0.0, "average_area_under_roc_curve_standard_deviation": 0.0, "average_ks_statistic": 0.0, "average_area_under_pr_curve": 0.0, "average_spearmans_rho_standard_deviation": 0.0, "average_balanced_accuracy_standard_deviation": 1.1102230246251565e-16, "average_f_measure_standard_deviation": 0.03700512391437661, "average_phi": 0.0, "average_f_measure": 0.4141557142857143, "average_precision_standard_deviation": 0.058319551417607966, "average_precision": 0.3571428571428571, "per_class_statistics": [{"accuracy_standard_deviation": 0.11664400172651619, "class_name": "0", "average_accuracy": 0.7142857142857144, "occurrences": 7, "average_phi_coefficient": 0.0, "average_balanced_accuracy": 0.4999999999999999, "precision_standard_deviation": 0.11664400172651619, "phi_coefficient_standard_deviation": 0.0, "average_f_measure": 0.8283057142857142, "average_precision": 0.7142857142857144, "present_in_test_data": true, "balanced_accuracy_standard_deviation": 1.1102230246251565e-16, "f_measure_standard_deviation": 0.07400895444995495, "recall_standard_deviation": 2.220446049250313e-16, "average_recall": 0.9999999999999998}, {"accuracy_standard_deviation": 0.11664400172651619, "class_name": "1", "average_accuracy": 0.7142857142857144, "occurrences": 7, "average_phi_coefficient": 0.0, "average_balanced_accuracy": 0.4999999999999999, "precision_standard_deviation": 0.0, "phi_coefficient_standard_deviation": 0.0, "average_f_measure": 0.0, "average_precision": 0.0, "present_in_test_data": true, "balanced_accuracy_standard_deviation": 1.1102230246251565e-16, "f_measure_standard_deviation": 0.0, "recall_standard_deviation": 0.0, "average_recall": 0.0}],