{"class_names": ["Iris-setosa", "Iris-versicolor", "Iris-virginica"], "mode": {"accuracy": 0.43333, "average_area_under_pr_curve": 0, "average_area_under_roc_curve": 0, "average_balanced_accuracy": 0.5, "average_f_measure": 0.20155, "average_kendalls_tau_b": 0, "average_ks_statistic": 0, "average_max_phi": 0, "average_phi": 0, "average_precision": 0.14444, "average_recall": 0.33333, "average_spearmans_rho": 0, "confusion_matrix": [[13, 0, 0], [8, 0, 0], [9, 0, 0]], "per_class_statistics": [{"accuracy": 0.43333, "balanced_accuracy": 0.5, "class_name": "Iris-setosa", "f_measure": 0.60465, "phi_coefficient": 0, "precision": 0.43333, "present_in_test_data": true, "recall": 1}, {"accuracy": 0.73333, "balanced_accuracy": 0.5, "class_name": "Iris-versicolor", "f_measure": 0, "phi_coefficient": 0, "precision": 0, "present_in_test_data": true, "recall": 0}, {"accuracy": 0.7, "balanced_accuracy": 0.5, "class_name": "Iris-virginica", "f_measure": 0, "phi_coefficient": 0, "precision": 0, "present_in_test_data": true, "recall": 0}]}, "model": {"accuracy": 1, "average_area_under_pr_curve": 1, "average_area_under_roc_curve": 1, "average_balanced_accuracy": 1, "average_f_measure": 1, "average_kendalls_tau_b": 0.69636, "average_ks_statistic": 1, "average_max_phi": 1, "average_phi": 1, "average_precision": 1, "average_recall": 1, "average_spearmans_rho": 0.81897, "confusion_matrix": [[13, 0, 0], [0, 8, 0], [0, 0, 9]], "per_class_statistics": [{"accuracy": 1, "area_under_pr_curve": 1, "area_under_roc_curve": 1, "balanced_accuracy": 1, "class_name": "Iris-setosa", "f_measure": 1, "gain_curve": [[0, 0, 0.9933], [0.03333, 0.07692, 0.99303], [0.06667, 0.15385, 0.993], [0.1, 0.23077, 0.9928], [0.13333, 0.30769, 0.99267], [0.16667, 0.38462, 0.99261], [0.2, 0.46154, 0.99255], [0.23333, 0.53846, 0.99251], [0.26667, 0.61538, 0.99236], [0.3, 0.69231, 0.99199], [0.33333, 0.76923, 0.99179], [0.36667, 0.84615, 0.99124], [0.4, 0.92308, 0.99072], [0.43333, 1, 0.04168], [0.46667, 1, 0.02522], [0.5, 1, 0.00633], [0.53333, 1, 0.00437], [0.56667, 1, 0.00431], [0.6, 1, 0.00411], [0.63333, 1, 0.00404], [0.66667, 1, 0.00384], [0.7, 1, 0.00383], [0.73333, 1, 0.00379], [0.93333, 1, 0.00363], [0.96667, 1, 0.00348], [1, 1, null]], "kendalls_tau_b": 0.72539, "ks_statistic": [1, 0.04168], "lift_curve": [[0, 0, 0.9933], [0.03333, 2.30769, 0.99303], [0.06667, 2.30769, 0.993], [0.1, 2.30769, 0.9928], [0.13333, 2.30769, 0.99267], [0.16667, 2.30769, 0.99261], [0.2, 2.30769, 0.99255], [0.23333, 2.30769, 0.99251], [0.26667, 2.30769, 0.99236], [0.3, 2.30769, 0.99199], [0.33333, 2.30769, 0.99179], [0.36667, 2.30769, 0.99124], [0.4, 2.30769, 0.99072], [0.43333, 2.30769, 0.04168], [0.46667, 2.14286, 0.02522], [0.5, 2, 0.00633], [0.53333, 1.875, 0.00437], [0.56667, 1.76471, 0.00431], [0.6, 1.66667, 0.00411], [0.63333, 1.57895, 0.00404], [0.66667, 1.5, 0.00384], [0.7, 1.42857, 0.00383], [0.73333, 1.36364, 0.00379], [0.93333, 1.07143, 0.00363], [0.96667, 1.03448, 0.00348], [1, 1, null]], "max_phi": [1, 0.04168], "negative_cdf": [[0, 0, 0.9933], [0.03333, 0, 0.99303], [0.06667, 0, 0.993], [0.1, 0, 0.9928], [0.13333, 0, 0.99267], [0.16667, 0, 0.99261], [0.2, 0, 0.99255], [0.23333, 0, 0.99251], [0.26667, 0, 0.99236], [0.3, 0, 0.99199], [0.33333, 0, 0.99179], [0.36667, 0, 0.99124], [0.4, 0, 0.99072], [0.43333, 0, 0.04168], [0.46667, 0.05882, 0.02522], [0.5, 0.11765, 0.00633], [0.53333, 0.17647, 0.00437], [0.56667, 0.23529, 0.00431], [0.6, 0.29412, 0.00411], [0.63333, 0.35294, 0.00404], [0.66667, 0.41176, 0.00384], [0.7, 0.47059, 0.00383], [0.73333, 0.52941, 0.00379], [0.93333, 0.88235, 0.00363], [0.96667, 0.94118, 0.00348], [1, 1, null]], "per_threshold_confusion_matrices": [[[13, 17, 0, 0], null], [[13, 16, 1, 0], 0.00348], [[13, 15, 2, 0], 0.00363], [[13, 9, 8, 0], 0.00379], [[13, 8, 9, 0], 0.00383], [[13, 7, 10, 0], 0.00384], [[13, 6, 11, 0], 0.00404], [[13, 5, 12, 0], 0.00411], [[13, 4, 13, 0], 0.00431], [[13, 3, 14, 0], 0.00437], [[13, 2, 15, 0], 0.00633], [[13, 1, 16, 0], 0.02522], [[13, 0, 17, 0], 0.04168], [[12, 0, 17, 1], 0.99072], [[11, 0, 17, 2], 0.99124], [[10, 0, 17, 3], 0.99179], [[9, 0, 17, 4], 0.99199], [[8, 0, 17, 5], 0.99236], [[7, 0, 17, 6], 0.99251], [[6, 0, 17, 7], 0.99255], [[5, 0, 17, 8], 0.99261], [[4, 0, 17, 9], 0.99267], [[3, 0, 17, 10], 0.9928], [[2, 0, 17, 11], 0.993], [[1, 0, 17, 12], 0.99303], [[0, 0, 17, 13], 0.9933]], "phi_coefficient": 1, "pr_curve": [[0, 1, 0.9933], [0.07692, 1, 0.99303], [0.15385, 1, 0.993], [0.23077, 1, 0.9928], [0.30769, 1, 0.99267], [0.38462, 1, 0.99261], [0.46154, 1, 0.99255], [0.53846, 1, 0.99251], [0.61538, 1, 0.99236], [0.69231, 1, 0.99199], [0.76923, 1, 0.99179], [0.84615, 1, 0.99124], [0.92308, 1, 0.99072], [1, 1, 0.04168], [1, 0.92857, 0.02522], [1, 0.86667, 0.00633], [1, 0.8125, 0.00437], [1, 0.76471, 0.00431], [1, 0.72222, 0.00411], [1, 0.68421, 0.00404], [1, 0.65, 0.00384], [1, 0.61905, 0.00383], [1, 0.59091, 0.00379], [1, 0.46429, 0.00363], [1, 0.44828, 0.00348], [1, 0.43333, null]], "precision": 1, "present_in_test_data": true, "recall": 1, "roc_curve": [[0, 0, 0.9933], [0, 0.07692, 0.99303], [0, 0.15385, 0.993], [0, 0.23077, 0.9928], [0, 0.30769, 0.99267], [0, 0.38462, 0.99261], [0, 0.46154, 0.99255], [0, 0.53846, 0.99251], [0, 0.61538, 0.99236], [0, 0.69231, 0.99199], [0, 0.76923, 0.99179], [0, 0.84615, 0.99124], [0, 0.92308, 0.99072], [0, 1, 0.04168], [0.05882, 1, 0.02522], [0.11765, 1, 0.00633], [0.17647, 1, 0.00437], [0.23529, 1, 0.00431], [0.29412, 1, 0.00411], [0.35294, 1, 0.00404], [0.41176, 1, 0.00384], [0.47059, 1, 0.00383], [0.52941, 1, 0.00379], [0.88235, 1, 0.00363], [0.94118, 1, 0.00348], [1, 1, null]], "spearmans_rho": 0.86213}, {"accuracy": 1, "area_under_pr_curve": 1, "area_under_roc_curve": 1, "balanced_accuracy": 1, "class_name": "Iris-versicolor", "f_measure": 1, "gain_curve": [[0, 0, 0.99184], [0.03333, 0.125, 0.99177], [0.06667, 0.25, 0.99111], [0.1, 0.375, 0.9885], [0.13333, 0.5, 0.98804], [0.16667, 0.625, 0.98251], [0.2, 0.75, 0.97121], [0.23333, 0.875, 0.89169], [0.26667, 1, 0.24959], [0.3, 1, 0.0973], [0.33333, 1, 0.04637], [0.36667, 1, 0.01949], [0.4, 1, 0.01865], [0.43333, 1, 0.00601], [0.46667, 1, 0.00549], [0.5, 1, 0.00494], [0.53333, 1, 0.00474], [0.56667, 1, 0.00466], [0.6, 1, 0.00437], [0.63333, 1, 0.00422], [0.66667, 1, 0.00418], [0.7, 1, 0.00417], [0.73333, 1, 0.00412], [0.76667, 1, 0.00406], [0.8, 1, 0.00404], [0.83333, 1, 0.00393], [0.86667, 1, 0.00388], [0.9, 1, 0.00373], [0.93333, 1, 0.0037], [0.96667, 1, 0.00343], [1, 1, null]], "kendalls_tau_b": 0.63608, "ks_statistic": [1, 0.24959], "lift_curve": [[0, 0, 0.99184], [0.03333, 3.75, 0.99177], [0.06667, 3.75, 0.99111], [0.1, 3.75, 0.9885], [0.13333, 3.75, 0.98804], [0.16667, 3.75, 0.98251], [0.2, 3.75, 0.97121], [0.23333, 3.75, 0.89169], [0.26667, 3.75, 0.24959], [0.3, 3.33333, 0.0973], [0.33333, 3, 0.04637], [0.36667, 2.72727, 0.01949], [0.4, 2.5, 0.01865], [0.43333, 2.30769, 0.00601], [0.46667, 2.14286, 0.00549], [0.5, 2, 0.00494], [0.53333, 1.875, 0.00474], [0.56667, 1.76471, 0.00466], [0.6, 1.66667, 0.00437], [0.63333, 1.57895, 0.00422], [0.66667, 1.5, 0.00418], [0.7, 1.42857, 0.00417], [0.73333, 1.36364, 0.00412], [0.76667, 1.30435, 0.00406], [0.8, 1.25, 0.00404], [0.83333, 1.2, 0.00393], [0.86667, 1.15385, 0.00388], [0.9, 1.11111, 0.00373], [0.93333, 1.07143, 0.0037], [0.96667, 1.03448, 0.00343], [1, 1, null]], "max_phi": [1, 0.24959],