{"model": {"average_phi": 0.87236, "average_kendalls_tau_b": 0.71436, "average_balanced_accuracy": 0.93005, "average_recall": 0.90556, "average_spearmans_rho": 0.80978, "per_class_statistics": [{"lift_curve": [[0, 0, 0.98693], [0.24242, 3, 0.52431], [0.27273, 2.66667, 0.49835], [0.42424, 2.35714, 0.08333], [0.45455, 2.2, 0.00758], [0.69697, 1.43478, 0.00694], [0.87879, 1.13793, 0.0068], [0.90909, 1.1, 0.00667], [0.93939, 1.06452, 0.00654], [1, 1, null]], "negative_cdf": [[0, 0, 0.98693], [0.24242, 0, 0.52431], [0.27273, 0.04545, 0.49835], [0.42424, 0.13636, 0.08333], [0.45455, 0.18182, 0.00758], [0.69697, 0.54545, 0.00694], [0.87879, 0.81818, 0.0068], [0.90909, 0.86364, 0.00667], [0.93939, 0.90909, 0.00654], [1, 1, null]], "balanced_accuracy": 0.93182, "class_name": "Iris-setosa", "recall": 1, "pr_curve": [[0, 1, 0.98693], [0.72727, 1, 0.52431], [0.72727, 0.88889, 0.49835], [1, 0.78571, 0.08333], [1, 0.73333, 0.00758], [1, 0.47826, 0.00694], [1, 0.37931, 0.0068], [1, 0.36667, 0.00667], [1, 0.35484, 0.00654], [1, 0.33333, null]], "precision": 0.78571, "max_phi": [0.82375, 0.08333], "gain_curve": [[0, 0, 0.98693], [0.24242, 0.72727, 0.52431], [0.27273, 0.72727, 0.49835], [0.42424, 1, 0.08333], [0.45455, 1, 0.00758], [0.69697, 1, 0.00694], [0.87879, 1, 0.0068], [0.90909, 1, 0.00667], [0.93939, 1, 0.00654], [1, 1, null]], "area_under_roc_curve": 0.97521, "spearmans_rho": 0.79132, "kendalls_tau_b": 0.70009, "roc_curve": [[0, 0, 0.98693], [0, 0.72727, 0.52431], [0.04545, 0.72727, 0.49835], [0.13636, 1, 0.08333], [0.18182, 1, 0.00758], [0.54545, 1, 0.00694], [0.81818, 1, 0.0068], [0.86364, 1, 0.00667], [0.90909, 1, 0.00654], [1, 1, null]], "area_under_pr_curve": 0.95563, "per_threshold_confusion_matrices": [[[11, 22, 0, 0], null], [[11, 20, 2, 0], 0.00654], [[11, 19, 3, 0], 0.00667], [[11, 18, 4, 0], 0.0068], [[11, 12, 10, 0], 0.00694], [[11, 4, 18, 0], 0.00758], [[11, 3, 19, 0], 0.08333], [[8, 1, 21, 3], 0.49835], [[8, 0, 22, 3], 0.52431], [[0, 0, 22, 11], 0.98693]], "phi_coefficient": 0.82375, "present_in_test_data": true, "ks_statistic": [0.86364, 0.08333], "f_measure": 0.88, "accuracy": 0.90909}, {"lift_curve": [[0, 0, 0.98611], [0.15152, 3.3, 0.96667], [0.18182, 3.3, 0.9281], [0.24242, 3.3, 0.46865], [0.39394, 2.53846, 0.08333], [0.42424, 2.35714, 0.04762], [0.45455, 2.2, 0.00758], [0.69697, 1.43478, 0.00694], [0.72727, 1.375, 0.00654], [0.9697, 1.03125, 0.00347], [1, 1, null]], "negative_cdf": [[0, 0, 0.98611], [0.15152, 0, 0.96667], [0.18182, 0, 0.9281], [0.24242, 0, 0.46865], [0.39394, 0.13043, 0.08333], [0.42424, 0.17391, 0.04762], [0.45455, 0.21739, 0.00758], [0.69697, 0.56522, 0.00694], [0.72727, 0.6087, 0.00654], [0.9697, 0.95652, 0.00347], [1, 1, null]], "balanced_accuracy": 0.9, "class_name": "Iris-versicolor", "recall": 0.8, "pr_curve": [[0, 1, 0.98611], [0.5, 1, 0.96667], [0.6, 1, 0.9281], [0.8, 1, 0.46865], [1, 0.76923, 0.08333], [1, 0.71429, 0.04762], [1, 0.66667, 0.00758], [1, 0.43478, 0.00694], [1, 0.41667, 0.00654], [1, 0.3125, 0.00347], [1, 0.30303, null]], "precision": 1, "max_phi": [0.8579, 0.46865], "gain_curve": [[0, 0, 0.98611], [0.15152, 0.5, 0.96667], [0.18182, 0.6, 0.9281], [0.24242, 0.8, 0.46865], [0.39394, 1, 0.08333], [0.42424, 1, 0.04762], [0.45455, 1, 0.00758], [0.69697, 1, 0.00694], [0.72727, 1, 0.00654], [0.9697, 1, 0.00347], [1, 1, null]], "area_under_roc_curve": 0.98696, "spearmans_rho": 0.7895, "kendalls_tau_b": 0.6955, "roc_curve": [[0, 0, 0.98611], [0, 0.5, 0.96667], [0, 0.6, 0.9281], [0, 0.8, 0.46865], [0.13043, 1, 0.08333], [0.17391, 1, 0.04762], [0.21739, 1, 0.00758], [0.56522, 1, 0.00694], [0.6087, 1, 0.00654], [0.95652, 1, 0.00347], [1, 1, null]], "area_under_pr_curve": 0.97692, "per_threshold_confusion_matrices": [[[10, 23, 0, 0], null], [[10, 22, 1, 0], 0.00347], [[10, 14, 9, 0], 0.00654], [[10, 13, 10, 0], 0.00694], [[10, 5, 18, 0], 0.00758], [[10, 4, 19, 0], 0.04762], [[10, 3, 20, 0], 0.08333], [[8, 0, 23, 2], 0.46865], [[6, 0, 23, 4], 0.9281], [[5, 0, 23, 5], 0.96667], [[0, 0, 23, 10], 0.98611]], "phi_coefficient": 0.8579, "present_in_test_data": true, "ks_statistic": [0.86957, 0.08333], "f_measure": 0.88889, "accuracy": 0.93939}, {"lift_curve": [[0, 0, 0.98611], [0.0303, 2.75, 0.98485], [0.27273, 2.75, 0.94558], [0.30303, 2.75, 0.83333], [0.33333, 2.75, 0.47222], [0.36364, 2.75, 0.06536], [0.42424, 2.35714, 0.033], [0.57576, 1.73684, 0.02667], [0.60606, 1.65, 0.00694], [0.75758, 1.32, 0.00654], [1, 1, null]], "negative_cdf": [[0, 0, 0.98611], [0.0303, 0, 0.98485], [0.27273, 0, 0.94558], [0.30303, 0, 0.83333], [0.33333, 0, 0.47222], [0.36364, 0, 0.06536], [0.42424, 0.09524, 0.033], [0.57576, 0.33333, 0.02667], [0.60606, 0.38095, 0.00694], [0.75758, 0.61905, 0.00654], [1, 1, null]], "balanced_accuracy": 0.95833, "class_name": "Iris-virginica", "recall": 0.91667, "pr_curve": [[0, 1, 0.98611], [0.08333, 1, 0.98485], [0.75, 1, 0.94558], [0.83333, 1, 0.83333], [0.91667, 1, 0.47222], [1, 1, 0.06536], [1, 0.85714, 0.033], [1, 0.63158, 0.02667], [1, 0.6, 0.00694], [1, 0.48, 0.00654], [1, 0.36364, null]], "precision": 1, "max_phi": [1, 0.06536], "gain_curve": [[0, 0, 0.98611], [0.0303, 0.08333, 0.98485], [0.27273, 0.75, 0.94558], [0.30303, 0.83333, 0.83333], [0.33333, 0.91667, 0.47222], [0.36364, 1, 0.06536], [0.42424, 1, 0.033], [0.57576, 1, 0.02667], [0.60606, 1, 0.00694], [0.75758, 1, 0.00654], [1, 1, null]], "area_under_roc_curve": 1, "spearmans_rho": 0.84853, "kendalls_tau_b": 0.7475, "roc_curve": [[0, 0, 0.98611], [0, 0.08333, 0.98485], [0, 0.75, 0.94558], [0, 0.83333, 0.83333], [0, 0.91667, 0.47222], [0, 1, 0.06536], [0.09524, 1, 0.033], [0.33333, 1, 0.02667], [0.38095, 1, 0.00694], [0.61905, 1, 0.00654], [1, 1, null]], "area_under_pr_curve": 1, "per_threshold_confusion_matrices": [[[12, 21, 0, 0], null], [[12, 13, 8, 0], 0.00654], [[12, 8, 13, 0], 0.00694], [[12, 7, 14, 0], 0.02667], [[12, 2, 19, 0], 0.033], [[12, 0, 21, 0], 0.06536], [[11, 0, 21, 1], 0.47222], [[10, 0, 21, 2], 0.83333], [[9, 0, 21, 3], 0.94558], [[1, 0, 21, 11], 0.98485], [[0, 0, 21, 12], 0.98611]], "phi_coefficient": 0.93541, "present_in_test_data": true, "ks_statistic": [1, 0.06536], "f_measure": 0.95652, "accuracy": 0.9697}], "average_f_measure": 0.90847, "average_max_phi": 0.89389, "average_area_under_roc_curve": 0.98739, "average_area_under_pr_curve": 0.97752, "average_precision": 0.92857, "confusion_matrix": [[11, 0, 0], [2, 8, 0], [1, 0, 11]], "average_ks_statistic": 0.91107, "accuracy": 0.90909}, "random": {"average_phi": -0.03218, "average_kendalls_tau_b": 0, "average_balanced_accuracy": 0.48155, "average_recall": 0.3101, "average_spearmans_rho": 0, "per_class_statistics": [{"balanced_accuracy": 0.59091, "class_name": "Iris-setosa", "recall": 0.36364, "precision": 0.5, "phi_coefficient": 0.2, "present_in_test_data": true, "f_measure": 0.42105, "accuracy": 0.66667}, {"balanced_accuracy": 0.46087, "class_name": "Iris-versicolor", "recall": 0.4, "precision": 0.26667, "phi_coefficient": -0.07223, "present_in_test_data": true, "f_measure": 0.32, "accuracy": 0.48485}, {"balanced_accuracy": 0.39286, "class_name": "Iris-virginica", "recall": 0.16667, "precision": 0.2, "phi_coefficient": -0.2243, "present_in_test_data": true, "f_measure": 0.18182, "accuracy": 0.45455}], "average_f_measure": 0.30762, "average_max_phi": 0, "average_area_under_roc_curve": 0, "average_area_under_pr_curve": 0, "average_precision": 0.32222, "confusion_matrix": [[4, 3, 4], [2, 4, 4], [2, 8, 2]], "average_ks_statistic": 0, "accuracy": 0.30303}, "mode": {"average_phi": 0, "average_kendalls_tau_b": 0, "average_balanced_accuracy": 0.5, "average_recall": 0.33333, "average_spearmans_rho": 0, "per_class_statistics": [{"balanced_accuracy": 0.5, "class_name": "Iris-setosa", "recall": 1, "precision": 0.33333, "phi_coefficient": 0, "present_in_test_data": true, "f_measure": 0.5, "accuracy": 0.33333}, {"balanced_accuracy": 0.5, "class_name": "Iris-versicolor", "recall": 0, "precision": 0, "phi_coefficient": 0, "present_in_test_data": true, "f_measure": 0,