{"class_names": ["Iris-setosa", "Iris-versicolor", "Iris-virginica"], "mode": {"accuracy": 0.43333, "average_area_under_pr_curve": 0, "average_area_under_roc_curve": 0, "average_balanced_accuracy": 0.5, "average_f_measure": 0.20155, "average_kendalls_tau_b": 0, "average_ks_statistic": 0, "average_max_phi": 0, "average_phi": 0, "average_precision": 0.14444, "average_recall": 0.33333, "average_spearmans_rho": 0, "confusion_matrix": [[13, 0, 0], [8, 0, 0], [9, 0, 0]], "per_class_statistics": [{"accuracy": 0.43333, "balanced_accuracy": 0.5, "class_name": "Iris-setosa", "f_measure": 0.60465, "phi_coefficient": 0, "precision": 0.43333, "present_in_test_data": true, "recall": 1}, {"accuracy": 0.73333, "balanced_accuracy": 0.5, "class_name": "Iris-versicolor", "f_measure": 0, "phi_coefficient": 0, "precision": 0, "present_in_test_data": true, "recall": 0}, {"accuracy": 0.7, "balanced_accuracy": 0.5, "class_name": "Iris-virginica", "f_measure": 0, "phi_coefficient": 0, "precision": 0, "present_in_test_data": true, "recall": 0}]}, "model": {"accuracy": 1, "average_area_under_pr_curve": 1, "average_area_under_roc_curve": 1, "average_balanced_accuracy": 1, "average_f_measure": 1, "average_kendalls_tau_b": 0.70019, "average_ks_statistic": 1, "average_max_phi": 1, "average_phi": 1, "average_precision": 1, "average_recall": 1, "average_spearmans_rho": 0.82056, "confusion_matrix": [[13, 0, 0], [0, 8, 0], [0, 0, 9]], "per_class_statistics": [{"accuracy": 1, "area_under_pr_curve": 1, "area_under_roc_curve": 1, "balanced_accuracy": 1, "class_name": "Iris-setosa", "f_measure": 1, "gain_curve": [[0, 0, 0.99977], [0.03333, 0.07692, 0.99929], [0.06667, 0.15385, 0.99914], [0.1, 0.23077, 0.99902], [0.13333, 0.30769, 0.99895], [0.16667, 0.38462, 0.99878], [0.2, 0.46154, 0.99874], [0.23333, 0.53846, 0.99855], [0.26667, 0.61538, 0.99839], [0.3, 0.69231, 0.99838], [0.33333, 0.76923, 0.99762], [0.36667, 0.84615, 0.99723], [0.4, 0.92308, 0.99663], [0.43333, 1, 0.0356], [0.46667, 1, 0.00188], [0.5, 1, 0.00125], [0.53333, 1, 0.00068], [0.56667, 1, 0.00053], [0.6, 1, 0.00029], [0.63333, 1, 8e-05], [0.66667, 1, 3e-05], [0.7, 1, 2e-05], [0.73333, 1, 0], [1, 1, null]], "kendalls_tau_b": 0.73688, "ks_statistic": [1, 0.0356], "lift_curve": [[0, 0, 0.99977], [0.03333, 2.30769, 0.99929], [0.06667, 2.30769, 0.99914], [0.1, 2.30769, 0.99902], [0.13333, 2.30769, 0.99895], [0.16667, 2.30769, 0.99878], [0.2, 2.30769, 0.99874], [0.23333, 2.30769, 0.99855], [0.26667, 2.30769, 0.99839], [0.3, 2.30769, 0.99838], [0.33333, 2.30769, 0.99762], [0.36667, 2.30769, 0.99723], [0.4, 2.30769, 0.99663], [0.43333, 2.30769, 0.0356], [0.46667, 2.14286, 0.00188], [0.5, 2, 0.00125], [0.53333, 1.875, 0.00068], [0.56667, 1.76471, 0.00053], [0.6, 1.66667, 0.00029], [0.63333, 1.57895, 8e-05], [0.66667, 1.5, 3e-05], [0.7, 1.42857, 2e-05], [0.73333, 1.36364, 0], [1, 1, null]], "max_phi": [1, 0.0356], "negative_cdf": [[0, 0, 0.99977], [0.03333, 0, 0.99929], [0.06667, 0, 0.99914], [0.1, 0, 0.99902], [0.13333, 0, 0.99895], [0.16667, 0, 0.99878], [0.2, 0, 0.99874], [0.23333, 0, 0.99855], [0.26667, 0, 0.99839], [0.3, 0, 0.99838], [0.33333, 0, 0.99762], [0.36667, 0, 0.99723], [0.4, 0, 0.99663], [0.43333, 0, 0.0356], [0.46667, 0.05882, 0.00188], [0.5, 0.11765, 0.00125], [0.53333, 0.17647, 0.00068], [0.56667, 0.23529, 0.00053], [0.6, 0.29412, 0.00029], [0.63333, 0.35294, 8e-05], [0.66667, 0.41176, 3e-05], [0.7, 0.47059, 2e-05], [0.73333, 0.52941, 0], [1, 1, null]], "per_threshold_confusion_matrices": [[[13, 17, 0, 0], null], [[13, 9, 8, 0], 0], [[13, 8, 9, 0], 2e-05], [[13, 7, 10, 0], 3e-05], [[13, 6, 11, 0], 8e-05], [[13, 5, 12, 0], 0.00029], [[13, 4, 13, 0], 0.00053], [[13, 3, 14, 0], 0.00068], [[13, 2, 15, 0], 0.00125], [[13, 1, 16, 0], 0.00188], [[13, 0, 17, 0], 0.0356], [[12, 0, 17, 1], 0.99663], [[11, 0, 17, 2], 0.99723], [[10, 0, 17, 3], 0.99762], [[9, 0, 17, 4], 0.99838], [[8, 0, 17, 5], 0.99839], [[7, 0, 17, 6], 0.99855], [[6, 0, 17, 7], 0.99874], [[5, 0, 17, 8], 0.99878], [[4, 0, 17, 9], 0.99895], [[3, 0, 17, 10], 0.99902], [[2, 0, 17, 11], 0.99914], [[1, 0, 17, 12], 0.99929], [[0, 0, 17, 13], 0.99977]], "phi_coefficient": 1, "pr_curve": [[0, 1, 0.99977], [0.07692, 1, 0.99929], [0.15385, 1, 0.99914], [0.23077, 1, 0.99902], [0.30769, 1, 0.99895], [0.38462, 1, 0.99878], [0.46154, 1, 0.99874], [0.53846, 1, 0.99855], [0.61538, 1, 0.99839], [0.69231, 1, 0.99838], [0.76923, 1, 0.99762], [0.84615, 1, 0.99723], [0.92308, 1, 0.99663], [1, 1, 0.0356], [1, 0.92857, 0.00188], [1, 0.86667, 0.00125], [1, 0.8125, 0.00068], [1, 0.76471, 0.00053], [1, 0.72222, 0.00029], [1, 0.68421, 8e-05], [1, 0.65, 3e-05], [1, 0.61905, 2e-05], [1, 0.59091, 0], [1, 0.43333, null]], "precision": 1, "present_in_test_data": true, "recall": 1, "roc_curve": [[0, 0, 0.99977], [0, 0.07692, 0.99929], [0, 0.15385, 0.99914], [0, 0.23077, 0.99902], [0, 0.30769, 0.99895], [0, 0.38462, 0.99878], [0, 0.46154, 0.99874], [0, 0.53846, 0.99855], [0, 0.61538, 0.99839], [0, 0.69231, 0.99838], [0, 0.76923, 0.99762], [0, 0.84615, 0.99723], [0, 0.92308, 0.99663], [0, 1, 0.0356], [0.05882, 1, 0.00188], [0.11765, 1, 0.00125], [0.17647, 1, 0.00068], [0.23529, 1, 0.00053], [0.29412, 1, 0.00029], [0.35294, 1, 8e-05], [0.41176, 1, 3e-05], [0.47059, 1, 2e-05], [0.52941, 1, 0], [1, 1, null]], "spearmans_rho": 0.86691}, {"accuracy": 1, "area_under_pr_curve": 1, "area_under_roc_curve": 1, "balanced_accuracy": 1, "class_name": "Iris-versicolor", "f_measure": 1, "gain_curve": [[0, 0, 0.99905], [0.03333, 0.125, 0.99884], [0.06667, 0.25, 0.9978], [0.1, 0.375, 0.99719], [0.13333, 0.5, 0.99393], [0.16667, 0.625, 0.99392], [0.2, 0.75, 0.96433], [0.23333, 0.875, 0.50047], [0.26667, 1, 0.29115], [0.3, 1, 0.24045], [0.33333, 1, 0.12116], [0.36667, 1, 0.04351], [0.4, 1, 0.0067], [0.43333, 1, 0.00337], [0.46667, 1, 0.00277], [0.5, 1, 0.00238], [0.53333, 1, 0.00162], [0.56667, 1, 0.00161], [0.6, 1, 0.00145], [0.63333, 1, 0.00126], [0.66667, 1, 0.00122], [0.7, 1, 0.00105], [0.73333, 1, 0.00098], [0.76667, 1, 0.00086], [0.8, 1, 0.00071], [0.83333, 1, 0.0006], [0.86667, 1, 0.00024], [0.9, 1, 0.00023], [0.93333, 1, 0.0002], [0.96667, 1, 0.00011], [1, 1, null]], "kendalls_tau_b": 0.63608, "ks_statistic": [1, 0.29115], "lift_curve": [[0, 0, 0.99905], [0.03333, 3.75, 0.99884], [0.06667, 3.75, 0.9978], [0.1, 3.75, 0.99719], [0.13333, 3.75, 0.99393], [0.16667, 3.75, 0.99392], [0.2, 3.75, 0.96433], [0.23333, 3.75, 0.50047], [0.26667, 3.75, 0.29115], [0.3, 3.33333, 0.24045], [0.33333, 3, 0.12116], [0.36667, 2.72727, 0.04351], [0.4, 2.5, 0.0067], [0.43333, 2.30769, 0.00337], [0.46667, 2.14286, 0.00277], [0.5, 2, 0.00238], [0.53333, 1.875, 0.00162], [0.56667, 1.76471, 0.00161], [0.6, 1.66667, 0.00145], [0.63333, 1.57895, 0.00126], [0.66667, 1.5, 0.00122], [0.7, 1.42857, 0.00105], [0.73333, 1.36364, 0.00098], [0.76667, 1.30435, 0.00086], [0.8, 1.25, 0.00071], [0.83333, 1.2, 0.0006], [0.86667, 1.15385, 0.00024], [0.9, 1.11111, 0.00023], [0.93333, 1.07143, 0.0002], [0.96667, 1.03448, 0.00011], [1, 1, null]], "max_phi": [1, 0.29115], "negative_cdf": [[0, 0, 0.99905], [0.03333, 0, 0.99884], [0.06667, 0, 0.9978], [0.1, 0, 0.99719], [0.13333, 0, 0.99393], [0.16667, 0, 0.99392], [0.2, 0, 0.96433], [0.23333, 0, 0.50047], [0.26667, 0, 0.29115], [0.3, 0.04545, 0.24045], [0.33333, 0.09091, 0.12116], [0.36667, 0.13636, 0.04351], [0.4, 0.18182, 0.0067], [0.43333, 0.22727, 0.00337], [0.46667, 0.27273, 0.00277], [0.5, 0.31818, 0.00238], [0.53333, 0.36364, 0.00162], [0.56667, 0.40909, 0.00161], [0.6, 0.45455, 0.00145], [0.63333, 0.5, 0.00126], [0.66667, 0.54545, 0.00122], [0.7, 0.59091, 0.00105], [0.73333, 0.63636, 0.00098], [0.76667, 0.68182, 0.00086], [0.8, 0.72727, 0.00071], [0.83333, 0.77273, 0.0006], [0.86667, 0.81818, 0.00024], [0.9, 0.86364, 0.00023], [0.93333, 0.90909, 0.0002], [0.96667, 0.95455, 0.00011], [1, 1, null]],