{"model": {"average_phi": 1, "average_balanced_accuracy": 1, "average_recall": 1, "per_class_statistics": [{"lift_curve": [[0, 0, 0.9818], [0.43333, 2.30769, 0.10278], [0.46667, 2.14286, 0.00856], [0.73333, 1.36364, 0.00771], [1, 1, null]], "negative_cdf": [[0, 0, 0.9818], [0.43333, 0, 0.10278], [0.46667, 0.05882, 0.00856], [0.73333, 0.52941, 0.00771], [1, 1, null]], "balanced_accuracy": 1, "class_name": "Iris-setosa", "recall": 1, "pr_curve": [[0, 1, 0.9818], [1, 1, 0.10278], [1, 0.92857, 0.00856], [1, 0.59091, 0.00771], [1, 0.43333, null]], "precision": 1, "max_phi": [1, 0.10278], "gain_curve": [[0, 0, 0.9818], [0.43333, 1, 0.10278], [0.46667, 1, 0.00856], [0.73333, 1, 0.00771], [1, 1, null]], "area_under_roc_curve": 1, "spearmans_rho": 0.9146, "kendalls_tau_b": 0.85687, "roc_curve": [[0, 0, 0.9818], [0, 1, 0.10278], [1, 1, null]], "area_under_pr_curve": 1, "per_threshold_confusion_matrices": [[[13, 17, 0, 0], null], [[13, 9, 8, 0], 0.00771], [[13, 1, 16, 0], 0.00856], [[13, 0, 17, 0], 0.10278], [[0, 0, 17, 13], 0.9818]], "phi_coefficient": 1, "present_in_test_data": true, "ks_statistic": [1, 0.10278], "f_measure": 1, "accuracy": 1}, {"lift_curve": [[0, 0, 0.98375], [0.26667, 3.75, 0.11667], [0.3, 3.33333, 0.00972], [0.56667, 1.76471, 0.00921], [1, 1, null]], "negative_cdf": [[0, 0, 0.98375], [0.26667, 0, 0.11667], [0.3, 0.04545, 0.00972], [0.56667, 0.40909, 0.00921], [1, 1, null]], "balanced_accuracy": 1, "class_name": "Iris-versicolor", "recall": 1, "pr_curve": [[0, 1, 0.98375], [1, 1, 0.11667], [1, 0.88889, 0.00972], [1, 0.47059, 0.00921], [1, 0.26667, null]], "precision": 1, "max_phi": [1, 0.11667], "gain_curve": [[0, 0, 0.98375], [0.26667, 1, 0.11667], [0.3, 1, 0.00972], [0.56667, 1, 0.00921], [1, 1, null]], "area_under_roc_curve": 1, "spearmans_rho": 0.81619, "kendalls_tau_b": 0.76467, "roc_curve": [[0, 0, 0.98375], [0, 1, 0.11667], [1, 1, null]], "area_under_pr_curve": 1, "per_threshold_confusion_matrices": [[[8, 22, 0, 0], null], [[8, 9, 13, 0], 0.00921], [[8, 1, 21, 0], 0.00972], [[8, 0, 22, 0], 0.11667], [[0, 0, 22, 8], 0.98375]], "phi_coefficient": 1, "present_in_test_data": true, "ks_statistic": [1, 0.11667], "f_measure": 1, "accuracy": 1}, {"lift_curve": [[0, 0, 0.98171], [0.26667, 3.33333, 0.78056], [0.3, 3.33333, 0.00899], [0.73333, 1.36364, 0.00854], [1, 1, null]], "negative_cdf": [[0, 0, 0.98171], [0.26667, 0, 0.78056], [0.3, 0, 0.00899], [0.73333, 0.61905, 0.00854], [1, 1, null]], "balanced_accuracy": 1, "class_name": "Iris-virginica", "recall": 1, "pr_curve": [[0, 1, 0.98171], [0.88889, 1, 0.78056], [1, 1, 0.00899], [1, 0.40909, 0.00854], [1, 0.3, null]], "precision": 1, "max_phi": [1, 0.00899], "gain_curve": [[0, 0, 0.98171], [0.26667, 0.88889, 0.78056], [0.3, 1, 0.00899], [0.73333, 1, 0.00854], [1, 1, null]], "area_under_roc_curve": 1, "spearmans_rho": 0.84579, "kendalls_tau_b": 0.79241, "roc_curve": [[0, 0, 0.98171], [0, 1, 0.00899], [1, 1, null]], "area_under_pr_curve": 1, "per_threshold_confusion_matrices": [[[9, 21, 0, 0], null], [[9, 13, 8, 0], 0.00854], [[9, 0, 21, 0], 0.00899], [[8, 0, 21, 1], 0.78056], [[0, 0, 21, 9], 0.98171]], "phi_coefficient": 1, "present_in_test_data": true, "ks_statistic": [1, 0.00899], "f_measure": 1, "accuracy": 1}], "average_f_measure": 1, "confusion_matrix": [[13, 0, 0], [0, 8, 0], [0, 0, 9]], "average_precision": 1, "accuracy": 1}, "random": {"average_phi": 0.2002, "average_balanced_accuracy": 0.59079, "average_recall": 0.46118, "per_class_statistics": [{"balanced_accuracy": 0.52715, "class_name": "Iris-setosa", "recall": 0.23077, "precision": 0.5, "phi_coefficient": 0.06727, "present_in_test_data": true, "f_measure": 0.31579, "accuracy": 0.56667}, {"balanced_accuracy": 0.64205, "class_name": "Iris-versicolor", "recall": 0.375, "precision": 0.6, "phi_coefficient": 0.3371, "present_in_test_data": true, "f_measure": 0.46154, "accuracy": 0.76667}, {"balanced_accuracy": 0.60317, "class_name": "Iris-virginica", "recall": 0.77778, "precision": 0.36842, "phi_coefficient": 0.19623, "present_in_test_data": true, "f_measure": 0.5, "accuracy": 0.53333}], "average_f_measure": 0.42578, "confusion_matrix": [[3, 1, 9], [2, 3, 3], [1, 1, 7]], "average_precision": 0.48947, "accuracy": 0.43333}, "mode": {"average_phi": 0, "average_balanced_accuracy": 0.5, "average_recall": 0.33333, "per_class_statistics": [{"balanced_accuracy": 0.5, "class_name": "Iris-setosa", "recall": 1, "precision": 0.43333, "phi_coefficient": 0, "present_in_test_data": true, "f_measure": 0.60465, "accuracy": 0.43333}, {"balanced_accuracy": 0.5, "class_name": "Iris-versicolor", "recall": 0, "precision": 0, "phi_coefficient": 0, "present_in_test_data": true, "f_measure": 0, "accuracy": 0.73333}, {"balanced_accuracy": 0.5, "class_name": "Iris-virginica", "recall": 0, "precision": 0, "phi_coefficient": 0, "present_in_test_data": true, "f_measure": 0, "accuracy": 0.7}], "average_f_measure": 0.20155, "confusion_matrix": [[13, 0, 0], [8, 0, 0], [9, 0, 0]], "average_precision": 0.14444, "accuracy": 0.43333}, "class_names": ["Iris-setosa", "Iris-versicolor", "Iris-virginica"]}