{"model": {"average_phi": 1, "average_balanced_accuracy": 1, "average_recall": 1, "per_class_statistics": [{"balanced_accuracy": 1, "class_name": "Iris-setosa", "recall": 1, "precision": 1, "max_phi": [1, 0.11438], "area_under_roc_curve": 1, "area_under_pr_curve": 1, "per_threshold_confusion_matrices": [[[13, 17, 0, 0], null], [[13, 16, 1, 0], 0.00041], [[13, 15, 2, 0], 0.00043], [[13, 14, 3, 0], 0.0005], [[13, 13, 4, 0], 0.00065], [[13, 12, 5, 0], 0.00096], [[13, 11, 6, 0], 0.0013], [[13, 10, 7, 0], 0.00163], [[13, 9, 8, 0], 0.00219], [[13, 8, 9, 0], 0.00405], [[13, 7, 10, 0], 0.00438], [[13, 6, 11, 0], 0.01745], [[13, 5, 12, 0], 0.02394], [[13, 4, 13, 0], 0.03292], [[13, 3, 14, 0], 0.03722], [[13, 2, 15, 0], 0.05219], [[13, 1, 16, 0], 0.06266], [[13, 0, 17, 0], 0.11438], [[12, 0, 17, 1], 0.79337], [[11, 0, 17, 2], 0.79769], [[10, 0, 17, 3], 0.79886], [[9, 0, 17, 4], 0.81051], [[8, 0, 17, 5], 0.81271], [[7, 0, 17, 6], 0.82186], [[6, 0, 17, 7], 0.83767], [[5, 0, 17, 8], 0.85418], [[4, 0, 17, 9], 0.86085], [[3, 0, 17, 10], 0.86961], [[2, 0, 17, 11], 0.87763], [[1, 0, 17, 12], 0.8818], [[0, 0, 17, 13], null]], "phi_coefficient": 1, "present_in_test_data": true, "ks_statistic": [1, 0.11438], "f_measure": 1, "accuracy": 1}, {"balanced_accuracy": 1, "class_name": "Iris-versicolor", "recall": 1, "precision": 1, "max_phi": [1, 0.45187], "area_under_roc_curve": 1, "area_under_pr_curve": 1, "per_threshold_confusion_matrices": [[[8, 22, 0, 0], null], [[8, 21, 1, 0], 0.09544], [[8, 20, 2, 0], 0.11814], [[8, 19, 3, 0], 0.12234], [[8, 18, 4, 0], 0.13037], [[8, 17, 5, 0], 0.13914], [[8, 16, 6, 0], 0.1458], [[8, 15, 7, 0], 0.16231], [[8, 14, 8, 0], 0.17802], [[8, 13, 9, 0], 0.1811], [[8, 12, 10, 0], 0.18719], [[8, 11, 11, 0], 0.18937], [[8, 10, 12, 0], 0.20107], [[8, 9, 13, 0], 0.20213], [[8, 8, 14, 0], 0.20653], [[8, 7, 15, 0], 0.24708], [[8, 6, 16, 0], 0.25091], [[8, 5, 17, 0], 0.28028], [[8, 4, 18, 0], 0.30259], [[8, 3, 19, 0], 0.34811], [[8, 2, 20, 0], 0.36083], [[8, 1, 21, 0], 0.4414], [[8, 0, 22, 0], 0.45187], [[7, 0, 22, 1], 0.54122], [[6, 0, 22, 2], 0.60781], [[5, 0, 22, 3], 0.63646], [[4, 0, 22, 4], 0.66214], [[3, 0, 22, 5], 0.6854], [[2, 0, 22, 6], 0.71047], [[1, 0, 22, 7], 0.77427], [[0, 0, 22, 8], null]], "phi_coefficient": 1, "present_in_test_data": true, "ks_statistic": [1, 0.45187], "f_measure": 1, "accuracy": 1}, {"balanced_accuracy": 1, "class_name": "Iris-virginica", "recall": 1, "precision": 1, "max_phi": [1, 0.45473], "area_under_roc_curve": 1, "area_under_pr_curve": 1, "per_threshold_confusion_matrices": [[[9, 21, 0, 0], null], [[9, 20, 1, 0], 1e-05], [[9, 16, 5, 0], 2e-05], [[9, 15, 6, 0], 3e-05], [[9, 13, 8, 0], 7e-05], [[9, 11, 10, 0], 0.0001], [[9, 10, 11, 0], 0.00012], [[9, 9, 12, 0], 0.00013], [[9, 8, 13, 0], 0.00018], [[9, 7, 14, 0], 0.11444], [[9, 6, 15, 0], 0.16306], [[9, 5, 16, 0], 0.17515], [[9, 4, 17, 0], 0.28168], [[9, 3, 18, 0], 0.30064], [[9, 2, 19, 0], 0.34609], [[9, 1, 20, 0], 0.36825], [[9, 0, 21, 0], 0.45473], [[8, 0, 21, 1], 0.54717], [[7, 0, 21, 2], 0.5581], [[6, 0, 21, 3], 0.63787], [[5, 0, 21, 4], 0.64752], [[4, 0, 21, 5], 0.69521], [[3, 0, 21, 6], 0.71932], [[2, 0, 21, 7], 0.74866], [[1, 0, 21, 8], 0.75129], [[0, 0, 21, 9], null]], "phi_coefficient": 1, "present_in_test_data": true, "ks_statistic": [1, 0.45473], "f_measure": 1, "accuracy": 1}], "average_f_measure": 1, "confusion_matrix": [[13, 0, 0], [0, 8, 0], [0, 0, 9]], "average_precision": 1, "accuracy": 1}, "random": {"average_phi": 0.05029, "average_balanced_accuracy": 0.52687, "average_recall": 0.36895, "per_class_statistics": [{"balanced_accuracy": 0.54525, "class_name": "Iris-setosa", "recall": 0.38462, "precision": 0.5, "phi_coefficient": 0.09513, "present_in_test_data": true, "f_measure": 0.43478, "accuracy": 0.56667}, {"balanced_accuracy": 0.59091, "class_name": "Iris-versicolor", "recall": 0.5, "precision": 0.36364, "phi_coefficient": 0.16685, "present_in_test_data": true, "f_measure": 0.42105, "accuracy": 0.63333}, {"balanced_accuracy": 0.44444, "class_name": "Iris-virginica", "recall": 0.22222, "precision": 0.22222, "phi_coefficient": -0.11111, "present_in_test_data": true, "f_measure": 0.22222, "accuracy": 0.53333}], "average_f_measure": 0.35935, "confusion_matrix": [[5, 4, 4], [1, 4, 3], [4, 3, 2]], "average_precision": 0.36195, "accuracy": 0.36667}, "mode": {"average_phi": 0, "average_balanced_accuracy": 0.5, "average_recall": 0.33333, "per_class_statistics": [{"balanced_accuracy": 0.5, "class_name": "Iris-setosa", "recall": 1, "precision": 0.43333, "phi_coefficient": 0, "present_in_test_data": true, "f_measure": 0.60465, "accuracy": 0.43333}, {"balanced_accuracy": 0.5, "class_name": "Iris-versicolor", "recall": 0, "precision": 0, "phi_coefficient": 0, "present_in_test_data": true, "f_measure": 0, "accuracy": 0.73333}, {"balanced_accuracy": 0.5, "class_name": "Iris-virginica", "recall": 0, "precision": 0, "phi_coefficient": 0, "present_in_test_data": true, "f_measure": 0, "accuracy": 0.7}], "average_f_measure": 0.20155, "confusion_matrix": [[13, 0, 0], [8, 0, 0], [9, 0, 0]], "average_precision": 0.14444, "accuracy": 0.43333}, "class_names": ["Iris-setosa", "Iris-versicolor", "Iris-virginica"]}