{"class_names": ["Iris-setosa", "Iris-versicolor", "Iris-virginica"], "mode": {"accuracy": 0.43333, "average_area_under_pr_curve": 0, "average_area_under_roc_curve": 0, "average_balanced_accuracy": 0.5, "average_f_measure": 0.20155, "average_kendalls_tau_b": 0, "average_ks_statistic": 0, "average_max_phi": 0, "average_phi": 0, "average_precision": 0.14444, "average_recall": 0.33333, "average_spearmans_rho": 0, "confusion_matrix": [[13, 0, 0], [8, 0, 0], [9, 0, 0]], "per_class_statistics": [{"accuracy": 0.43333, "balanced_accuracy": 0.5, "class_name": "Iris-setosa", "f_measure": 0.60465, "phi_coefficient": 0, "precision": 0.43333, "present_in_test_data": true, "recall": 1}, {"accuracy": 0.73333, "balanced_accuracy": 0.5, "class_name": "Iris-versicolor", "f_measure": 0, "phi_coefficient": 0, "precision": 0, "present_in_test_data": true, "recall": 0}, {"accuracy": 0.7, "balanced_accuracy": 0.5, "class_name": "Iris-virginica", "f_measure": 0, "phi_coefficient": 0, "precision": 0, "present_in_test_data": true, "recall": 0}]}, "model": {"accuracy": 1, "average_area_under_pr_curve": 1, "average_area_under_roc_curve": 1, "average_balanced_accuracy": 1, "average_f_measure": 1, "average_kendalls_tau_b": 0.67138, "average_ks_statistic": 1, "average_max_phi": 1, "average_phi": 1, "average_precision": 1, "average_recall": 1, "average_spearmans_rho": 0.80679, "confusion_matrix": [[13, 0, 0], [0, 8, 0], [0, 0, 9]], "per_class_statistics": [{"accuracy": 1, "area_under_pr_curve": 1, "area_under_roc_curve": 1, "balanced_accuracy": 1, "class_name": "Iris-setosa", "f_measure": 1, "gain_curve": [[0, 0, 0.90455], [0.03333, 0.07692, 0.8818], [0.06667, 0.15385, 0.87763], [0.1, 0.23077, 0.86961], [0.13333, 0.30769, 0.86085], [0.16667, 0.38462, 0.85418], [0.2, 0.46154, 0.83767], [0.23333, 0.53846, 0.82186], [0.26667, 0.61538, 0.81271], [0.3, 0.69231, 0.81051], [0.33333, 0.76923, 0.79886], [0.36667, 0.84615, 0.79769], [0.4, 0.92308, 0.79337], [0.43333, 1, 0.11438], [0.46667, 1, 0.06266], [0.5, 1, 0.05219], [0.53333, 1, 0.03722], [0.56667, 1, 0.03292], [0.6, 1, 0.02394], [0.63333, 1, 0.01744], [0.66667, 1, 0.00438], [0.7, 1, 0.00405], [0.73333, 1, 0.00219], [0.76667, 1, 0.00163], [0.8, 1, 0.0013], [0.83333, 1, 0.00096], [0.86667, 1, 0.00065], [0.9, 1, 0.0005], [0.93333, 1, 0.00043], [0.96667, 1, 0.00041], [1, 1, null]], "kendalls_tau_b": 0.71277, "ks_statistic": [1, 0.11438], "lift_curve": [[0, 0, 0.90455], [0.03333, 2.30769, 0.8818], [0.06667, 2.30769, 0.87763], [0.1, 2.30769, 0.86961], [0.13333, 2.30769, 0.86085], [0.16667, 2.30769, 0.85418], [0.2, 2.30769, 0.83767], [0.23333, 2.30769, 0.82186], [0.26667, 2.30769, 0.81271], [0.3, 2.30769, 0.81051], [0.33333, 2.30769, 0.79886], [0.36667, 2.30769, 0.79769], [0.4, 2.30769, 0.79337], [0.43333, 2.30769, 0.11438], [0.46667, 2.14286, 0.06266], [0.5, 2, 0.05219], [0.53333, 1.875, 0.03722], [0.56667, 1.76471, 0.03292], [0.6, 1.66667, 0.02394], [0.63333, 1.57895, 0.01744], [0.66667, 1.5, 0.00438], [0.7, 1.42857, 0.00405], [0.73333, 1.36364, 0.00219], [0.76667, 1.30435, 0.00163], [0.8, 1.25, 0.0013], [0.83333, 1.2, 0.00096], [0.86667, 1.15385, 0.00065], [0.9, 1.11111, 0.0005], [0.93333, 1.07143, 0.00043], [0.96667, 1.03448, 0.00041], [1, 1, null]], "max_phi": [1, 0.11438], "negative_cdf": [[0, 0, 0.90455], [0.03333, 0, 0.8818], [0.06667, 0, 0.87763], [0.1, 0, 0.86961], [0.13333, 0, 0.86085], [0.16667, 0, 0.85418], [0.2, 0, 0.83767], [0.23333, 0, 0.82186], [0.26667, 0, 0.81271], [0.3, 0, 0.81051], [0.33333, 0, 0.79886], [0.36667, 0, 0.79769], [0.4, 0, 0.79337], [0.43333, 0, 0.11438], [0.46667, 0.05882, 0.06266], [0.5, 0.11765, 0.05219], [0.53333, 0.17647, 0.03722], [0.56667, 0.23529, 0.03292], [0.6, 0.29412, 0.02394], [0.63333, 0.35294, 0.01744], [0.66667, 0.41176, 0.00438], [0.7, 0.47059, 0.00405], [0.73333, 0.52941, 0.00219], [0.76667, 0.58824, 0.00163], [0.8, 0.64706, 0.0013], [0.83333, 0.70588, 0.00096], [0.86667, 0.76471, 0.00065], [0.9, 0.82353, 0.0005], [0.93333, 0.88235, 0.00043], [0.96667, 0.94118, 0.00041], [1, 1, null]], "per_threshold_confusion_matrices": [[[13, 17, 0, 0], null], [[13, 16, 1, 0], 0.00041], [[13, 15, 2, 0], 0.00043], [[13, 14, 3, 0], 0.0005], [[13, 13, 4, 0], 0.00065], [[13, 12, 5, 0], 0.00096], [[13, 11, 6, 0], 0.0013], [[13, 10, 7, 0], 0.00163], [[13, 9, 8, 0], 0.00219], [[13, 8, 9, 0], 0.00405], [[13, 7, 10, 0], 0.00438], [[13, 6, 11, 0], 0.01744], [[13, 5, 12, 0], 0.02394], [[13, 4, 13, 0], 0.03292], [[13, 3, 14, 0], 0.03722], [[13, 2, 15, 0], 0.05219], [[13, 1, 16, 0], 0.06266], [[13, 0, 17, 0], 0.11438], [[12, 0, 17, 1], 0.79337], [[11, 0, 17, 2], 0.79769], [[10, 0, 17, 3], 0.79886], [[9, 0, 17, 4], 0.81051], [[8, 0, 17, 5], 0.81271], [[7, 0, 17, 6], 0.82186], [[6, 0, 17, 7], 0.83767], [[5, 0, 17, 8], 0.85418], [[4, 0, 17, 9], 0.86085], [[3, 0, 17, 10], 0.86961], [[2, 0, 17, 11], 0.87763], [[1, 0, 17, 12], 0.8818], [[0, 0, 17, 13], 0.90455]], "phi_coefficient": 1, "pr_curve": [[0, 1, 0.90455], [0.07692, 1, 0.8818], [0.15385, 1, 0.87763], [0.23077, 1, 0.86961], [0.30769, 1, 0.86085], [0.38462, 1, 0.85418], [0.46154, 1, 0.83767], [0.53846, 1, 0.82186], [0.61538, 1, 0.81271], [0.69231, 1, 0.81051], [0.76923, 1, 0.79886], [0.84615, 1, 0.79769], [0.92308, 1, 0.79337], [1, 1, 0.11438], [1, 0.92857, 0.06266], [1, 0.86667, 0.05219], [1, 0.8125, 0.03722], [1, 0.76471, 0.03292], [1, 0.72222, 0.02394], [1, 0.68421, 0.01744], [1, 0.65, 0.00438], [1, 0.61905, 0.00405], [1, 0.59091, 0.00219], [1, 0.56522, 0.00163], [1, 0.54167, 0.0013], [1, 0.52, 0.00096], [1, 0.5, 0.00065], [1, 0.48148, 0.0005], [1, 0.46429, 0.00043], [1, 0.44828, 0.00041], [1, 0.43333, null]], "precision": 1, "present_in_test_data": true, "recall": 1, "roc_curve": [[0, 0, 0.90455], [0, 0.07692, 0.8818], [0, 0.15385, 0.87763], [0, 0.23077, 0.86961], [0, 0.30769, 0.86085], [0, 0.38462, 0.85418], [0, 0.46154, 0.83767], [0, 0.53846, 0.82186], [0, 0.61538, 0.81271], [0, 0.69231, 0.81051], [0, 0.76923, 0.79886], [0, 0.84615, 0.79769], [0, 0.92308, 0.79337], [0, 1, 0.11438], [0.05882, 1, 0.06266], [0.11765, 1, 0.05219], [0.17647, 1, 0.03722], [0.23529, 1, 0.03292], [0.29412, 1, 0.02394], [0.35294, 1, 0.01744], [0.41176, 1, 0.00438], [0.47059, 1, 0.00405], [0.52941, 1, 0.00219], [0.58824, 1, 0.00163], [0.64706, 1, 0.0013], [0.70588, 1, 0.00096], [0.76471, 1, 0.00065], [0.82353, 1, 0.0005], [0.88235, 1, 0.00043], [0.94118, 1, 0.00041], [1, 1, null]], "spearmans_rho": 0.85877}, {"accuracy": 1, "area_under_pr_curve": 1, "area_under_roc_curve": 1, "balanced_accuracy": 1, "class_name": "Iris-versicolor", "f_measure": 1, "gain_curve": [[0, 0, 0.83337], [0.03333, 0.125, 0.77428], [0.06667, 0.25, 0.71047], [0.1, 0.375, 0.6854], [0.13333, 0.5, 0.66214], [0.16667, 0.625, 0.63647], [0.2, 0.75, 0.60781], [0.23333, 0.875, 0.54122], [0.26667, 1, 0.45187], [0.3, 1, 0.4414], [0.33333, 1, 0.36083], [0.36667, 1, 0.34811], [0.4, 1, 0.30259], [0.43333, 1, 0.28028], [0.46667, 1, 0.25091], [0.5, 1, 0.24708], [0.53333, 1, 0.20653], [0.56667, 1, 0.20213], [0.6, 1, 0.20107], [0.63333, 1, 0.18937], [0.66667, 1, 0.18719], [0.7, 1, 0.1811], [0.73333, 1, 0.17802], [0.76667, 1, 0.16231], [0.8, 1, 0.1458], [0.83333, 1, 0.13914], [0.86667, 1, 0.13037], [0.9, 1, 0.12234], [0.93333, 1, 0.11814], [0.96667, 1, 0.09544], [1, 1, null]], "kendalls_tau_b": 0.63608, "ks_statistic": [1, 0.45187],