{"model": {"average_phi": 0.87236, "average_balanced_accuracy": 0.93005, "average_recall": 0.90556, "per_class_statistics": [{"balanced_accuracy": 0.93182, "class_name": "Iris-setosa", "recall": 1, "precision": 0.78571, "max_phi": [0.82375, 0.08333], "area_under_roc_curve": 0.9876, "area_under_pr_curve": 0.95563, "per_threshold_confusion_matrices": [[[11, 22, 0, 0], null], [[11, 20, 2, 0], 0.00654], [[11, 19, 3, 0], 0.00667], [[11, 18, 4, 0], 0.0068], [[11, 12, 10, 0], 0.00694], [[11, 4, 18, 0], 0.00758], [[11, 3, 19, 0], 0.08333], [[8, 1, 21, 3], 0.49835], [[8, 0, 22, 3], 0.52431], [[0, 0, 22, 11], null]], "phi_coefficient": 0.82375, "present_in_test_data": true, "ks_statistic": [0.86364, 0.08333], "f_measure": 0.88, "accuracy": 0.90909}, {"balanced_accuracy": 0.9, "class_name": "Iris-versicolor", "recall": 0.8, "precision": 1, "max_phi": [0.8579, 0.46865], "area_under_roc_curve": 1, "area_under_pr_curve": 0.97692, "per_threshold_confusion_matrices": [[[10, 23, 0, 0], null], [[10, 22, 1, 0], 0.00347], [[10, 14, 9, 0], 0.00654], [[10, 13, 10, 0], 0.00694], [[10, 5, 18, 0], 0.00758], [[10, 4, 19, 0], 0.04762], [[10, 3, 20, 0], 0.08333], [[8, 0, 23, 2], 0.46865], [[6, 0, 23, 4], 0.9281], [[5, 0, 23, 5], 0.96667], [[0, 0, 23, 10], null]], "phi_coefficient": 0.8579, "present_in_test_data": true, "ks_statistic": [0.86957, 0.08333], "f_measure": 0.88889, "accuracy": 0.93939}, {"balanced_accuracy": 0.95833, "class_name": "Iris-virginica", "recall": 0.91667, "precision": 1, "max_phi": [1, 0.06536], "area_under_roc_curve": 1, "area_under_pr_curve": 1, "per_threshold_confusion_matrices": [[[12, 21, 0, 0], null], [[12, 13, 8, 0], 0.00654], [[12, 8, 13, 0], 0.00694], [[12, 7, 14, 0], 0.02667], [[12, 2, 19, 0], 0.033], [[12, 0, 21, 0], 0.06536], [[11, 0, 21, 1], 0.47222], [[10, 0, 21, 2], 0.83333], [[9, 0, 21, 3], 0.94558], [[1, 0, 21, 11], 0.98485], [[0, 0, 21, 12], null]], "phi_coefficient": 0.93541, "present_in_test_data": true, "ks_statistic": [1, 0.06536], "f_measure": 0.95652, "accuracy": 0.9697}], "average_f_measure": 0.90847, "confusion_matrix": [[11, 0, 0], [2, 8, 0], [1, 0, 11]], "average_precision": 0.92857, "accuracy": 0.90909}, "random": {"average_phi": 0.22109, "average_balanced_accuracy": 0.61034, "average_recall": 0.47929, "per_class_statistics": [{"balanced_accuracy": 0.59091, "class_name": "Iris-setosa", "recall": 0.45455, "precision": 0.45455, "phi_coefficient": 0.18182, "present_in_test_data": true, "f_measure": 0.45455, "accuracy": 0.63636}, {"balanced_accuracy": 0.5913, "class_name": "Iris-versicolor", "recall": 0.4, "precision": 0.44444, "phi_coefficient": 0.18843, "present_in_test_data": true, "f_measure": 0.42105, "accuracy": 0.66667}, {"balanced_accuracy": 0.64881, "class_name": "Iris-virginica", "recall": 0.58333, "precision": 0.53846, "phi_coefficient": 0.293, "present_in_test_data": true, "f_measure": 0.56, "accuracy": 0.66667}], "average_f_measure": 0.47853, "confusion_matrix": [[5, 3, 3], [3, 4, 3], [3, 2, 7]], "average_precision": 0.47915, "accuracy": 0.48485}, "mode": {"average_phi": 0, "average_balanced_accuracy": 0.5, "average_recall": 0.33333, "per_class_statistics": [{"balanced_accuracy": 0.5, "class_name": "Iris-setosa", "recall": 1, "precision": 0.33333, "phi_coefficient": 0, "present_in_test_data": true, "f_measure": 0.5, "accuracy": 0.33333}, {"balanced_accuracy": 0.5, "class_name": "Iris-versicolor", "recall": 0, "precision": 0, "phi_coefficient": 0, "present_in_test_data": true, "f_measure": 0, "accuracy": 0.69697}, {"balanced_accuracy": 0.5, "class_name": "Iris-virginica", "recall": 0, "precision": 0, "phi_coefficient": 0, "present_in_test_data": true, "f_measure": 0, "accuracy": 0.63636}], "average_f_measure": 0.16667, "confusion_matrix": [[11, 0, 0], [10, 0, 0], [12, 0, 0]], "average_precision": 0.11111, "accuracy": 0.33333}, "class_names": ["Iris-setosa", "Iris-versicolor", "Iris-virginica"]}