{"model": {"average_phi": 1, "average_kendalls_tau_b": 0.75359, "average_balanced_accuracy": 1, "average_recall": 1, "average_spearmans_rho": 0.84569, "per_class_statistics": [{"lift_curve": [[0, 0, 1], [0.43333, 2.30769, 0.00016], [0.46667, 2.14286, 0.00012], [0.5, 2, 0.0001], [0.53333, 1.875, 6e-05], [0.56667, 1.76471, 5e-05], [0.6, 1.66667, 3e-05], [0.63333, 1.57895, 1e-05], [0.7, 1.42857, 0], [1, 1, null]], "negative_cdf": [[0, 0, 1], [0.43333, 0, 0.00016], [0.46667, 0.05882, 0.00012], [0.5, 0.11765, 0.0001], [0.53333, 0.17647, 6e-05], [0.56667, 0.23529, 5e-05], [0.6, 0.29412, 3e-05], [0.63333, 0.35294, 1e-05], [0.7, 0.47059, 0], [1, 1, null]], "balanced_accuracy": 1, "class_name": "Iris-setosa", "recall": 1, "pr_curve": [[0, 1, 1], [1, 1, 0.00016], [1, 0.92857, 0.00012], [1, 0.86667, 0.0001], [1, 0.8125, 6e-05], [1, 0.76471, 5e-05], [1, 0.72222, 3e-05], [1, 0.68421, 1e-05], [1, 0.61905, 0], [1, 0.43333, null]], "precision": 1, "max_phi": [1, 0.00016], "gain_curve": [[0, 0, 1], [0.43333, 1, 0.00016], [0.46667, 1, 0.00012], [0.5, 1, 0.0001], [0.53333, 1, 6e-05], [0.56667, 1, 5e-05], [0.6, 1, 3e-05], [0.63333, 1, 1e-05], [0.7, 1, 0], [1, 1, null]], "area_under_roc_curve": 1, "spearmans_rho": 0.90922, "kendalls_tau_b": 0.83104, "roc_curve": [[0, 0, 1], [0, 1, 0.00016], [0.05882, 1, 0.00012], [0.11765, 1, 0.0001], [0.17647, 1, 6e-05], [0.23529, 1, 5e-05], [0.29412, 1, 3e-05], [0.35294, 1, 1e-05], [0.47059, 1, 0], [1, 1, null]], "area_under_pr_curve": 1, "per_threshold_confusion_matrices": [[[13, 17, 0, 0], null], [[13, 8, 9, 0], 0], [[13, 6, 11, 0], 1e-05], [[13, 5, 12, 0], 3e-05], [[13, 4, 13, 0], 5e-05], [[13, 3, 14, 0], 6e-05], [[13, 2, 15, 0], 0.0001], [[13, 1, 16, 0], 0.00012], [[13, 0, 17, 0], 0.00016], [[0, 0, 17, 13], 1]], "phi_coefficient": 1, "present_in_test_data": true, "ks_statistic": [1, 0.00016], "f_measure": 1, "accuracy": 1}, {"lift_curve": [[0, 0, 0.99934], [0.03333, 3.75, 0.99875], [0.06667, 3.75, 0.99741], [0.1, 3.75, 0.99703], [0.13333, 3.75, 0.9956], [0.16667, 3.75, 0.98483], [0.2, 3.75, 0.9553], [0.23333, 3.75, 0.85935], [0.26667, 3.75, 0.15539], [0.3, 3.33333, 0.05477], [0.33333, 3, 0.02703], [0.36667, 2.72727, 0.00581], [0.4, 2.5, 0.00289], [0.43333, 2.30769, 0.00018], [0.46667, 2.14286, 8e-05], [0.5, 2, 7e-05], [0.53333, 1.875, 5e-05], [0.56667, 1.76471, 0], [1, 1, null]], "negative_cdf": [[0, 0, 0.99934], [0.03333, 0, 0.99875], [0.06667, 0, 0.99741], [0.1, 0, 0.99703], [0.13333, 0, 0.9956], [0.16667, 0, 0.98483], [0.2, 0, 0.9553], [0.23333, 0, 0.85935], [0.26667, 0, 0.15539], [0.3, 0.04545, 0.05477], [0.33333, 0.09091, 0.02703], [0.36667, 0.13636, 0.00581], [0.4, 0.18182, 0.00289], [0.43333, 0.22727, 0.00018], [0.46667, 0.27273, 8e-05], [0.5, 0.31818, 7e-05], [0.53333, 0.36364, 5e-05], [0.56667, 0.40909, 0], [1, 1, null]], "balanced_accuracy": 1, "class_name": "Iris-versicolor", "recall": 1, "pr_curve": [[0, 1, 0.99934], [0.125, 1, 0.99875], [0.25, 1, 0.99741], [0.375, 1, 0.99703], [0.5, 1, 0.9956], [0.625, 1, 0.98483], [0.75, 1, 0.9553], [0.875, 1, 0.85935], [1, 1, 0.15539], [1, 0.88889, 0.05477], [1, 0.8, 0.02703], [1, 0.72727, 0.00581], [1, 0.66667, 0.00289], [1, 0.61538, 0.00018], [1, 0.57143, 8e-05], [1, 0.53333, 7e-05], [1, 0.5, 5e-05], [1, 0.47059, 0], [1, 0.26667, null]], "precision": 1, "max_phi": [1, 0.15539], "gain_curve": [[0, 0, 0.99934], [0.03333, 0.125, 0.99875], [0.06667, 0.25, 0.99741], [0.1, 0.375, 0.99703], [0.13333, 0.5, 0.9956], [0.16667, 0.625, 0.98483], [0.2, 0.75, 0.9553], [0.23333, 0.875, 0.85935], [0.26667, 1, 0.15539], [0.3, 1, 0.05477], [0.33333, 1, 0.02703], [0.36667, 1, 0.00581], [0.4, 1, 0.00289], [0.43333, 1, 0.00018], [0.46667, 1, 8e-05], [0.5, 1, 7e-05], [0.53333, 1, 5e-05], [0.56667, 1, 0], [1, 1, null]], "area_under_roc_curve": 1, "spearmans_rho": 0.79942, "kendalls_tau_b": 0.70214, "roc_curve": [[0, 0, 0.99934], [0, 0.125, 0.99875], [0, 0.25, 0.99741], [0, 0.375, 0.99703], [0, 0.5, 0.9956], [0, 0.625, 0.98483], [0, 0.75, 0.9553], [0, 0.875, 0.85935], [0, 1, 0.15539], [0.04545, 1, 0.05477], [0.09091, 1, 0.02703], [0.13636, 1, 0.00581], [0.18182, 1, 0.00289], [0.22727, 1, 0.00018], [0.27273, 1, 8e-05], [0.31818, 1, 7e-05], [0.36364, 1, 5e-05], [0.40909, 1, 0], [1, 1, null]], "area_under_pr_curve": 1, "per_threshold_confusion_matrices": [[[8, 22, 0, 0], null], [[8, 9, 13, 0], 0], [[8, 8, 14, 0], 5e-05], [[8, 7, 15, 0], 7e-05], [[8, 6, 16, 0], 8e-05], [[8, 5, 17, 0], 0.00018], [[8, 4, 18, 0], 0.00289], [[8, 3, 19, 0], 0.00581], [[8, 2, 20, 0], 0.02703], [[8, 1, 21, 0], 0.05477], [[8, 0, 22, 0], 0.15539], [[7, 0, 22, 1], 0.85935], [[6, 0, 22, 2], 0.9553], [[5, 0, 22, 3], 0.98483], [[4, 0, 22, 4], 0.9956], [[3, 0, 22, 5], 0.99703], [[2, 0, 22, 6], 0.99741], [[1, 0, 22, 7], 0.99875], [[0, 0, 22, 8], 0.99934]], "phi_coefficient": 1, "present_in_test_data": true, "ks_statistic": [1, 0.15539], "f_measure": 1, "accuracy": 1}, {"lift_curve": [[0, 0, 0.99995], [0.03333, 3.33333, 0.99993], [0.06667, 3.33333, 0.99992], [0.1, 3.33333, 0.99982], [0.13333, 3.33333, 0.99711], [0.16667, 3.33333, 0.99419], [0.2, 3.33333, 0.97296], [0.23333, 3.33333, 0.94523], [0.26667, 3.33333, 0.8446], [0.3, 3.33333, 0.14065], [0.33333, 3, 0.04457], [0.36667, 2.72727, 0.01514], [0.4, 2.5, 0.00439], [0.43333, 2.30769, 0.00287], [0.46667, 2.14286, 0.00253], [0.5, 2, 0.0012], [0.53333, 1.875, 0.0005], [0.56667, 1.76471, 0], [1, 1, null]], "negative_cdf": [[0, 0, 0.99995], [0.03333, 0, 0.99993], [0.06667, 0, 0.99992], [0.1, 0, 0.99982], [0.13333, 0, 0.99711], [0.16667, 0, 0.99419], [0.2, 0, 0.97296], [0.23333, 0, 0.94523], [0.26667, 0, 0.8446], [0.3, 0, 0.14065], [0.33333, 0.04762, 0.04457], [0.36667, 0.09524, 0.01514], [0.4, 0.14286, 0.00439], [0.43333, 0.19048, 0.00287], [0.46667, 0.2381, 0.00253], [0.5, 0.28571, 0.0012], [0.53333, 0.33333, 0.0005], [0.56667, 0.38095, 0], [1, 1, null]], "balanced_accuracy": 1, "class_name": "Iris-virginica", "recall": 1, "pr_curve": [[0, 1, 0.99995], [0.11111, 1, 0.99993], [0.22222, 1, 0.99992], [0.33333, 1, 0.99982], [0.44444, 1, 0.99711], [0.55556, 1, 0.99419], [0.66667, 1, 0.97296], [0.77778, 1, 0.94523], [0.88889, 1, 0.8446], [1, 1, 0.14065], [1, 0.9, 0.04457], [1, 0.81818, 0.01514], [1, 0.75, 0.00439], [1, 0.69231, 0.00287], [1, 0.64286, 0.00253], [1, 0.6, 0.0012], [1, 0.5625, 0.0005], [1, 0.52941, 0], [1, 0.3, null]], "precision": 1, "max_phi": [1, 0.14065], "gain_curve": [[0, 0, 0.99995], [0.03333, 0.11111, 0.99993], [0.06667, 0.22222, 0.99992], [0.1, 0.33333, 0.99982], [0.13333, 0.44444, 0.99711], [0.16667, 0.55556, 0.99419], [0.2, 0.66667, 0.97296], [0.23333, 0.77778, 0.94523], [0.26667, 0.88889, 0.8446], [0.3, 1, 0.14065], [0.33333, 1, 0.04457], [0.36667, 1, 0.01514], [0.4, 1, 0.00439], [0.43333, 1, 0.00287], [0.46667, 1, 0.00253], [0.5, 1, 0.0012], [0.53333, 1, 0.0005], [0.56667, 1, 0], [1, 1, null]], "area_under_roc_curve": 1, "spearmans_rho": 0.82842, "kendalls_tau_b": 0.72761, "roc_curve": [[0, 0, 0.99995], [0, 0.11111, 0.99993], [0, 0.22222, 0.99992], [0, 0.33333, 0.99982], [0, 0.44444, 0.99711], [0, 0.55556, 0.99419], [0, 0.66667, 0.97296], [0, 0.77778, 0.94523], [0, 0.88889, 0.8446], [0, 1, 0.14065], [0.04762, 1, 0.04457], [0.09524, 1, 0.01514], [0.14286, 1, 0.00439], [0.19048, 1, 0.00287], [0.2381, 1, 0.00253], [0.28571, 1, 0.0012], [0.33333, 1, 0.0005], [0.38095, 1, 0], [1, 1, null]], "area_under_pr_curve": 1, "per_threshold_confusion_matrices": [[[9, 21, 0, 0], null], [[9, 8, 13, 0], 0], [[9, 7, 14, 0], 0.0005], [[9, 6, 15, 0], 0.0012], [[9, 5, 16, 0], 0.00253], [[9, 4, 17, 0], 0.00287], [[9, 3, 18, 0], 0.00439], [[9, 2, 19, 0], 0.01514], [[9, 1, 20, 0], 0.04457], [[9, 0, 21, 0], 0.14065], [[8, 0, 21, 1], 0.8446], [[7, 0, 21, 2], 0.94523], [[6, 0, 21, 3], 0.97296], [[5, 0, 21, 4], 0.99419], [[4, 0, 21, 5], 0.99711], [[3, 0, 21, 6], 0.99982], [[2, 0, 21, 7], 0.99992], [[1, 0, 21, 8], 0.99993], [[0, 0, 21, 9], 0.99995]], "phi_coefficient": 1, "present_in_test_data": true, "ks_statistic": [1, 0.14065], "f_measure": 1, "accuracy": 1}], "average_f_measure": 1,