{"model": {"per_class_statistics": [{"accuracy_standard_deviation": 0.1646818275168384, "class_name": "0", "area_under_roc_curve_standard_deviation": 0.2233522395185667, "average_accuracy": 0.70476, "average_area_under_roc_curve": 0.6663114285714287, "occurrences": 7, "average_phi_coefficient": 0.22234428571428572, "average_balanced_accuracy": 0.6084071428571428, "precision_standard_deviation": 0.15646887577315266, "area_under_pr_curve_standard_deviation": 0.13107212188216788, "ks_statistic": [0.05, 0.95714], "average_area_under_pr_curve": 0.8250928571428572, "per_threshold_confusion_matrices": [[[20, 10, 0, 0], null], [[19, 10, 0, 1], 0.11667], [[18, 10, 0, 2], 0.14], [[16, 9, 1, 4], 0.175], [[12, 9, 1, 8], 0.23333], [[12, 8, 2, 8], 0.9], [[9, 6, 4, 11], 0.925], [[5, 5, 5, 15], 0.94], [[4, 3, 7, 16], 0.95], [[3, 1, 9, 17], 0.95714], [[1, 1, 9, 19], 0.97273], [[0, 0, 10, 20], null]], "present_in_test_data": true, "max_phi": [0.06934, 0.95714], "average_f_measure": 0.7811142857142859, "average_precision": 0.78672, "phi_coefficient_standard_deviation": 0.3376107543081082, "balanced_accuracy_standard_deviation": 0.17464264032706378, "f_measure_standard_deviation": 0.13107385430219354, "average_recall": 0.7896514285714284, "recall_standard_deviation": 0.15299485037352184}, {"accuracy_standard_deviation": 0.1646818275168384, "class_name": "1", "area_under_roc_curve_standard_deviation": 0.18539660105199512, "average_accuracy": 0.70476, "average_area_under_roc_curve": 0.6339642857142856, "occurrences": 7, "average_phi_coefficient": 0.22234428571428572, "average_balanced_accuracy": 0.6084071428571428, "precision_standard_deviation": 0.31415860187920036, "area_under_pr_curve_standard_deviation": 0.29152969771359416, "ks_statistic": [0.05, 0.02727], "average_area_under_pr_curve": 0.4884671428571429, "per_threshold_confusion_matrices": [[[10, 20, 0, 0], null], [[9, 19, 1, 1], 0.015], [[9, 17, 3, 1], 0.02727], [[7, 16, 4, 3], 0.04286], [[5, 15, 5, 5], 0.05], [[4, 11, 9, 6], 0.06], [[2, 8, 12, 8], 0.075], [[1, 8, 12, 9], 0.1], [[1, 4, 16, 9], 0.76667], [[0, 2, 18, 10], 0.825], [[0, 1, 19, 10], 0.86], [[0, 0, 20, 10], null]], "present_in_test_data": true, "max_phi": [0.06934, 0.02727], "average_f_measure": 0.40549999999999997, "average_precision": 0.4529471428571428, "phi_coefficient_standard_deviation": 0.3376107543081082, "balanced_accuracy_standard_deviation": 0.17464264032706378, "f_measure_standard_deviation": 0.2607842723675753, "average_recall": 0.4271642857142857, "recall_standard_deviation": 0.3351121692745854}], "average_balanced_accuracy_standard_deviation": 0.17464264032706378, "average_balanced_accuracy": 0.6084071428571428, "average_recall_standard_deviation": 0.17464264032706378, "average_recall": 0.6084071428571428, "average_precision_standard_deviation": 0.17685632124203335, "average_phi": 0.22234428571428572, "average_f_measure": 0.5933071428571428, "average_accuracy": 0.70476, "accuracy_standard_deviation": 0.1646818275168384, "average_phi_standard_deviation": 0.3376107543081082, "confusion_matrix": [[120, 30], [32, 28]], "average_precision": 0.6198328571428572, "average_f_measure_standard_deviation": 0.15480844243444733}, "random": {"per_class_statistics": [{"accuracy_standard_deviation": 0.06172211154085076, "class_name": "0", "average_accuracy": 0.4666657142857143, "occurrences": 7, "average_phi_coefficient": -0.12078428571428572, "average_balanced_accuracy": 0.41585285714285714, "precision_standard_deviation": 0.12767029243887776, "phi_coefficient_standard_deviation": 0.11943774862211012, "average_f_measure": 0.5576271428571429, "average_precision": 0.67067, "present_in_test_data": true, "balanced_accuracy_standard_deviation": 0.08034410347539704, "f_measure_standard_deviation": 0.0751110894826144, "recall_standard_deviation": 0.049440273759231504, "average_recall": 0.47974142857142854}, {"accuracy_standard_deviation": 0.06172211154085076, "class_name": "1", "average_accuracy": 0.4666657142857143, "occurrences": 7, "average_phi_coefficient": -0.12078428571428572, "average_balanced_accuracy": 0.41585285714285714, "precision_standard_deviation": 0.1305980531154696, "phi_coefficient_standard_deviation": 0.11943774862211012, "average_f_measure": 0.2774814285714286, "average_precision": 0.23115285714285716, "present_in_test_data": true, "balanced_accuracy_standard_deviation": 0.08034410347539704, "f_measure_standard_deviation": 0.15444749911757547, "recall_standard_deviation": 0.19129923701267773, "average_recall": 0.35196428571428573}], "average_balanced_accuracy_standard_deviation": 0.08034410347539704, "average_balanced_accuracy": 0.41585285714285714, "average_recall_standard_deviation": 0.08034410347539704, "average_recall": 0.41585285714285714, "average_precision_standard_deviation": 0.05733181176987456, "average_phi": -0.12078428571428572, "average_f_measure": 0.41755428571428566, "average_accuracy": 0.4666657142857143, "accuracy_standard_deviation": 0.06172211154085076, "average_phi_standard_deviation": 0.11943774862211012, "confusion_matrix": [[73, 77], [35, 25]], "average_precision": 0.4509114285714285, "average_f_measure_standard_deviation": 0.06058300111821627}, "mode": {"per_class_statistics": [{"accuracy_standard_deviation": 0.11664400172651619, "class_name": "0", "average_accuracy": 0.7142857142857144, "occurrences": 7, "average_phi_coefficient": 0.0, "average_balanced_accuracy": 0.4999999999999999, "precision_standard_deviation": 0.11664400172651619, "phi_coefficient_standard_deviation": 0.0, "average_f_measure": 0.8283057142857142, "average_precision": 0.7142857142857144, "present_in_test_data": true, "balanced_accuracy_standard_deviation": 1.1102230246251565e-16, "f_measure_standard_deviation": 0.07400895444995495, "recall_standard_deviation": 2.220446049250313e-16, "average_recall": 0.9999999999999998}, {"accuracy_standard_deviation": 0.11664400172651619, "class_name": "1", "average_accuracy": 0.7142857142857144, "occurrences": 7, "average_phi_coefficient": 0.0, "average_balanced_accuracy": 0.4999999999999999, "precision_standard_deviation": 0.0, "phi_coefficient_standard_deviation": 0.0, "average_f_measure": 0.0, "average_precision": 0.0, "present_in_test_data": true, "balanced_accuracy_standard_deviation": 1.1102230246251565e-16, "f_measure_standard_deviation": 0.0, "recall_standard_deviation": 0.0, "average_recall": 0.0}], "average_balanced_accuracy_standard_deviation": 1.1102230246251565e-16, "average_balanced_accuracy": 0.4999999999999999, "average_recall_standard_deviation": 1.1102230246251565e-16, "average_recall": 0.4999999999999999, "average_precision_standard_deviation": 0.058319551417607966, "average_phi": 0.0, "average_f_measure": 0.4141557142857143, "average_accuracy": 0.7142857142857144, "accuracy_standard_deviation": 0.11664400172651619, "average_phi_standard_deviation": 0.0, "confusion_matrix": [[150, 0], [60, 0]], "average_precision": 0.3571428571428571, "average_f_measure_standard_deviation": 0.03700512391437661}, "class_names": ["1", "0"]}