{"model": {"per_class_statistics": [{"accuracy_standard_deviation": 0.1646818275168384, "average_spearmans_rho": 0.2384457142857143, "class_name": "0", "area_under_roc_curve_standard_deviation": 0.18653474382286325, "average_accuracy": 0.70476, "average_area_under_roc_curve": 0.6284542857142856, "occurrences": 7, "average_phi_coefficient": 0.22234428571428572, "average_balanced_accuracy": 0.6084071428571428, "precision_standard_deviation": 0.15646887577315266, "area_under_pr_curve_standard_deviation": 0.13107212188216788, "average_area_under_pr_curve": 0.8250928571428572, "present_in_test_data": true, "average_f_measure": 0.7811142857142859, "balanced_accuracy_standard_deviation": 0.17464264032706378, "spearmans_rho_standard_deviation": 0.3177741720088629, "average_precision": 0.78672, "phi_coefficient_standard_deviation": 0.3376107543081082, "average_kendalls_tau_b": 0.21913, "f_measure_standard_deviation": 0.13107385430219354, "recall_standard_deviation": 0.15299485037352184, "kendalls_tau_b_standard_deviation": 0.291618115692424, "average_recall": 0.7896514285714284}, {"accuracy_standard_deviation": 0.1646818275168384, "average_spearmans_rho": 0.2384457142857143, "class_name": "1", "area_under_roc_curve_standard_deviation": 0.18653474382286325, "average_accuracy": 0.70476, "average_area_under_roc_curve": 0.6284542857142856, "occurrences": 7, "average_phi_coefficient": 0.22234428571428572, "average_balanced_accuracy": 0.6084071428571428, "precision_standard_deviation": 0.31415860187920036, "area_under_pr_curve_standard_deviation": 0.29152969771359416, "average_area_under_pr_curve": 0.4884671428571429, "present_in_test_data": true, "average_f_measure": 0.40549999999999997, "balanced_accuracy_standard_deviation": 0.17464264032706378, "spearmans_rho_standard_deviation": 0.3177741720088629, "average_precision": 0.4529471428571428, "phi_coefficient_standard_deviation": 0.3376107543081082, "average_kendalls_tau_b": 0.21913, "f_measure_standard_deviation": 0.2607842723675753, "recall_standard_deviation": 0.3351121692745854, "kendalls_tau_b_standard_deviation": 0.291618115692424, "average_recall": 0.4271642857142857}], "average_balanced_accuracy_standard_deviation": 0.17464264032706378, "average_balanced_accuracy": 0.6084071428571428, "average_recall_standard_deviation": 0.17464264032706378, "average_recall": 0.6084071428571428, "average_precision_standard_deviation": 0.17685632124203335, "average_phi": 0.22234428571428572, "average_f_measure": 0.5933071428571428, "average_accuracy": 0.70476, "accuracy_standard_deviation": 0.1646818275168384, "average_phi_standard_deviation": 0.3376107543081082, "confusion_matrix": [[120, 30], [32, 28]], "average_precision": 0.6198328571428572, "average_f_measure_standard_deviation": 0.15480844243444733}, "random": {"per_class_statistics": [{"accuracy_standard_deviation": 0.05345313927132048, "class_name": "0", "average_accuracy": 0.5000014285714286, "occurrences": 7, "average_phi_coefficient": -0.03534285714285714, "average_balanced_accuracy": 0.46400857142857144, "precision_standard_deviation": 0.14215584754710844, "phi_coefficient_standard_deviation": 0.17634347545257772, "average_f_measure": 0.6026128571428572, "average_precision": 0.7138071428571428, "present_in_test_data": true, "balanced_accuracy_standard_deviation": 0.1244853601752398, "f_measure_standard_deviation": 0.04060637554244255, "recall_standard_deviation": 0.05320173619999517, "average_recall": 0.5384228571428572}, {"accuracy_standard_deviation": 0.05345313927132048, "class_name": "1", "average_accuracy": 0.5000014285714286, "occurrences": 7, "average_phi_coefficient": -0.03534285714285714, "average_balanced_accuracy": 0.46400857142857144, "precision_standard_deviation": 0.13235960210497671, "phi_coefficient_standard_deviation": 0.17634347545257772, "average_f_measure": 0.30138000000000004, "average_precision": 0.25812142857142856, "present_in_test_data": true, "balanced_accuracy_standard_deviation": 0.1244853601752398, "f_measure_standard_deviation": 0.16551059413653427, "recall_standard_deviation": 0.25353191587519497, "average_recall": 0.3895957142857144}], "average_balanced_accuracy_standard_deviation": 0.1244853601752398, "average_balanced_accuracy": 0.46400857142857144, "average_recall_standard_deviation": 0.1244853601752398, "average_recall": 0.46400857142857144, "average_precision_standard_deviation": 0.08176596372874104, "average_phi": -0.03534285714285714, "average_f_measure": 0.45199857142857136, "average_accuracy": 0.5000014285714286, "accuracy_standard_deviation": 0.05345313927132048, "average_phi_standard_deviation": 0.17634347545257772, "confusion_matrix": [[80, 70], [35, 25]], "average_precision": 0.4859642857142858, "average_f_measure_standard_deviation": 0.08678289815536755}, "mode": {"per_class_statistics": [{"accuracy_standard_deviation": 0.11664400172651619, "class_name": "0", "average_accuracy": 0.7142857142857144, "occurrences": 7, "average_phi_coefficient": 0.0, "average_balanced_accuracy": 0.4999999999999999, "precision_standard_deviation": 0.11664400172651619, "phi_coefficient_standard_deviation": 0.0, "average_f_measure": 0.8283057142857142, "average_precision": 0.7142857142857144, "present_in_test_data": true, "balanced_accuracy_standard_deviation": 1.1102230246251565e-16, "f_measure_standard_deviation": 0.07400895444995495, "recall_standard_deviation": 2.220446049250313e-16, "average_recall": 0.9999999999999998}, {"accuracy_standard_deviation": 0.11664400172651619, "class_name": "1", "average_accuracy": 0.7142857142857144, "occurrences": 7, "average_phi_coefficient": 0.0, "average_balanced_accuracy": 0.4999999999999999, "precision_standard_deviation": 0.0, "phi_coefficient_standard_deviation": 0.0, "average_f_measure": 0.0, "average_precision": 0.0, "present_in_test_data": true, "balanced_accuracy_standard_deviation": 1.1102230246251565e-16, "f_measure_standard_deviation": 0.0, "recall_standard_deviation": 0.0, "average_recall": 0.0}], "average_balanced_accuracy_standard_deviation": 1.1102230246251565e-16, "average_balanced_accuracy": 0.4999999999999999, "average_recall_standard_deviation": 1.1102230246251565e-16, "average_recall": 0.4999999999999999, "average_precision_standard_deviation": 0.058319551417607966, "average_phi": 0.0, "average_f_measure": 0.4141557142857143, "average_accuracy": 0.7142857142857144, "accuracy_standard_deviation": 0.11664400172651619, "average_phi_standard_deviation": 0.0, "confusion_matrix": [[150, 0], [60, 0]], "average_precision": 0.3571428571428571, "average_f_measure_standard_deviation": 0.03700512391437661}, "class_names": ["1", "0"]}